plot_id,paddy_area_m2,weed_density,avg_height_cm,rainfall_mm,avg_temp_c,actual_yield_MT
1,8361.442273348934,0.11479652509351689,92.85117051207718,719.0811976835591,31.431975269701557,4.38773323
2,9686.642904742806,0.23966533158242537,92.40936397,768.6725588765489,32.83259397579992,4.672064231940298
3,9183.586066166232,0.3555310425567429,112.1876374156311,550.1871595169996,32.560965578740955,5.1720926640317115
4,8876.914513653184,0.3062787102433464,92.48638599548518,699.9496398427996,28.923399428162643,4.292713297494019
5,7858.842873017604,0.33229640175150743,93.15849178385893,678.6983932574994,28.895496818448844,3.762732757954946
6,7858.787396773266,0.2805741783487511,107.78194787253891,783.1321507153084,29.60904620646948,4.461949877629574
7,7633.592307986859,0.2922967975812484,98.49219527,812.4348241925043,30.166448358046225,3.903735463385676
8,9492.205135282351,0.34721847804786177,108.30131670865543,454.8627085909547,30.450733488450894,5.140401573466943
9,8882.564527009381,0.13738380310071507,86.96098472693156,719.6079676235171,32.078183301000074,4.373859330655345
10,9128.566928930904,0.2212987372750992,99.62713581020154,470.7343196478916,28.340082592995014,4.871599624839548
11,7547.3443368803455,0.1274233046368608,86.00840800549848,669.5434660309423,28.20803623,3.780684936209588
12,9730.792659972587,0.3956838027988265,86.87959610366063,565.0530916174713,30.351463377663453,4.197781604766809
13,9414.618074,0.3804207688903147,112.19312360033233,572.7106398088565,32.18298215282788,5.2235820038503595
14,7988.379954560035,0.063799384,89.17736113352785,591.1834013809427,29.160612057738895,4.121012752714471
15,7918.197424576331,0.29695131,100.97262046825651,698.5169796,31.849026887537512,4.151448751514919
16,7921.830372662897,0.37383691109548306,97.33286807802119,583.6199862675077,29.558968827641795,3.8360804492394585
17,8199.757158806937,0.11320137079456674,95.42029978776529,743.0796202361121,33.31651665,4.511238657
18,8706.939792754147,0.24878083069342033,111.99500037061817,611.8109542295479,33.37413967,5.205117799188137
19,8493.473542876865,0.3704209041558147,85.65470190326468,477.34128012398344,29.783723225687957,3.6008488734473643
20,8169.827022455496,0.061881093,104.91369058526767,763.5039369936429,29.379962523779444,5.094074430891816
21,8907.261657861472,0.294097094,113.9018330264065,564.3033298370824,30.467823832397386,5.284167516471941
22,7820.835879499697,0.15407215258039278,101.80504550385525,623.1067518397051,29.44318951108089,4.484430000179329
23,8171.932691631002,0.3735386683817857,113.10467386099276,724.1775532887607,32.03430305975022,4.583100886668222
24,8342.63224,0.38987038580787875,86.56773637858072,582.9824628594848,32.95638810728971,3.5911457165697303
25,8548.960963699183,0.3804932711897019,97.56379957222484,472.63426245868624,32.03855279,4.163104432545185
26,9305.904711203932,0.21597497583011233,92.80473372886154,599.5684188051255,32.94610268349609,4.583697752342593
27,7959.249698964228,0.35171492784625974,106.9246289494219,827.7794330777214,30.381952973244843,4.398829475458833
28,8682.739208351306,0.34559228948727466,114.4389127149174,706.6937589194233,28.937901824253164,5.099223941
29,8862.553508382698,0.1616851656351395,92.69590187332743,718.5916594668828,32.42770568438555,4.550639020206072
30,7606.835949255995,0.34012041595273707,104.62523804422223,702.9128614550559,30.162847030849324,3.989223963817343
31,8897.353159373308,0.062952672,90.94292898279221,529.5968555837748,32.02762495,4.7347529715574215
32,7892.205484480771,0.2586944574687186,101.95990763714829,617.3335456,29.623863651890595,4.270411280630934
33,7649.618663866143,0.13050309305069607,98.91797460065008,750.3759193453272,28.487377808840037,4.291267952468123
34,9682.436735682666,0.09219841,114.16015988894611,490.5491590212637,33.95549077292658,6.366509308138335
35,9720.953676071487,0.076933621,103.2558182,561.1411104358849,28.937209047583597,5.839283506289515
36,9359.313900667861,0.2937010715573489,95.48519116260456,560.5276433863414,33.93052596378089,4.725741927451361
37,8200.611669098753,0.16895623731882314,88.42287355,622.8075710378024,33.863679595398686,4.048347723543434
38,7724.645862214683,0.3036683700350665,89.53740486204804,842.1474964,32.76290862344824,3.5303029824111305
39,9073.735960977961,0.072874719,91.75950789853705,477.0010186735288,31.956537772491984,4.8999132913763175
40,8512.350735601083,0.16035161824071364,92.52899984020894,657.4803978,31.46684230150651,4.466858589231479
41,7780.6879401429915,0.23882195233136805,110.51848173523413,521.7458728048841,33.19660927226701,4.762575322505028
42,8638.906893255922,0.32675310769363725,101.83668364847574,838.2706181638977,29.73663712971693,4.446219512957084
43,7579.093598565002,0.1615633760262245,100.70172734123099,495.32140189098567,30.806087274909263,4.258574913433657
44,9591.436925,0.2690619817529532,88.44306615607653,611.4404009446365,31.71633981619901,4.369412194181035
45,8095.193957680039,0.3600922118826655,110.80419080048304,745.1539939338425,30.467142855216945,4.537456693399651
46,9023.801254014159,0.2655521158638066,106.68442909625452,731.8217712109781,30.564918724541606,5.058538192225067
47,8216.935475005645,0.13153581616377183,87.03005085700005,619.0914547575729,29.981708005012507,4.132921541798569
48,8696.156448708965,0.058540274,106.23505291689307,588.6096671810873,31.385390900107218,5.358268640468758
49,8757.433642489543,0.3545346058653255,101.30614652027938,609.0449514211482,33.103447168090696,4.389382974679205
50,7925.165247708712,0.057444294,87.45176037240334,555.7105052634557,29.209170268037877,4.0273599047452375
51,9730.044643858484,0.35614558543946984,98.74901925,532.1331754827199,33.606598232520646,4.742290051583413
52,9282.805493730564,0.23512799690952424,99.54088861390142,643.215879,32.13452592248938,4.995058015605557
53,9660.847565597634,0.37867369447951366,89.97323620489827,557.4135024270429,32.93963927608018,4.223347477066723
54,9558.102905983593,0.3295741325207829,113.37094441000846,564.984666,31.33714415578007,5.538838242682841
55,8875.169951265496,0.39927693868666814,110.49926114441986,712.7024253898228,32.67710020854438,4.723066628243994
56,9620.310740553168,0.17274913540809855,105.07067011987326,837.4149326799569,28.09720238,5.577394228466629
57,7703.532754719415,0.31851590112589445,98.86886683001822,691.4548802,32.91028254867721,3.9970015980683256
58,7950.760583564034,0.19067581976323478,97.35296624753525,480.7917868259865,28.24083315,4.263723316847074
59,7604.022764494238,0.21795646710636812,104.52920401452863,480.2334455416268,33.339480258177176,4.258129161640836
60,8248.259760755507,0.26962691212642953,101.36295608220716,830.5692883382264,33.95177648343186,4.4061964132131015
61,8393.957766285808,0.35578698996521857,86.86819317645657,568.9163161229335,29.76440477306067,3.675451647883491
62,8124.102773079961,0.3944292142197533,100.37507946310996,486.82679443299014,29.26191133771476,4.047947622293081
63,9406.096271049437,0.3188956948525814,109.19210851698519,689.6178348601526,32.592180183148244,5.209758568394023
64,8320.532651395255,0.19621837375856682,98.77719632790874,699.4595113161065,29.51815804552152,4.525478792801844
65,8146.1493722809755,0.19747495079697458,86.55869732662805,709.4019280474753,33.19337429903322,3.719543294
66,8748.200991263971,0.30815380555611205,108.588346,556.9608111430165,28.617055552944862,4.877846691190025
67,7824.125717441954,0.13357200101890582,91.04091346407924,456.0442737,28.75573117827615,3.9925870051635846
68,9345.053055734292,0.08866594,92.75862504664116,836.0061477817887,33.87490933060369,5.025153552783311
69,7671.466480463473,0.1741177551742718,89.94119060296887,550.3572183,32.04303338962003,3.816644150952988
70,9769.839954181189,0.15053364707892863,94.90645194614493,720.4105152210191,33.08132334657372,5.116186498
71,9276.162969382312,0.15370784215959654,107.70254517065905,732.6519479514839,29.94597626410911,5.530524807725898
72,7957.046067528597,0.1317627128674685,100.58157578511812,694.0029668317943,32.058902497123626,4.527201738428716
73,7512.700869384285,0.064732616,91.14643822452138,575.1629576854593,31.565450963851582,3.984901871904583
74,9375.561285446118,0.056255877,111.33490234456123,558.4385015056263,31.61890072073768,6.075459175553167
75,9125.771890849519,0.39570283640761106,111.38745564854588,689.0673130810812,32.09519475722633,4.988914888
76,9176.716486494272,0.19972059680755183,111.11735275138021,796.4382534446765,31.452155038774592,5.6030983826257925
77,9273.921797377676,0.18451432650588862,92.16388634144617,828.6934915693582,30.574374215815997,4.676627252271589
78,7670.302698988407,0.2878765489425745,98.53718032542965,492.36232176150304,29.65553616628328,3.942989507815559
79,8324.471175651826,0.12638886075277248,114.54968968422625,511.9314450390879,32.611487985479215,5.504486184008696
80,7766.498836907798,0.3824864143825789,108.16037428929971,827.8945035132319,29.357634580019116,4.101472888887151
81,9485.137879513864,0.32522075504544323,85.81502264,744.6140913,32.15412583692648,4.076470313602327
82,8933.585691703383,0.081293851,86.95613773781476,803.1975299319092,29.39999693589596,4.5296510512232135
83,8261.065457161094,0.19615327152472495,98.91794130436998,531.0530536541372,31.751981019726724,4.436290116372357
84,7646.184205657854,0.35769140764675766,112.27660617584681,685.0343484437608,32.482469602774174,4.305914965237941
85,8215.259339946024,0.3806562078019936,101.16105393858143,730.4558377669895,29.312283333439236,4.093183528151081
86,8247.921640661518,0.21359052893745445,99.93437524,722.0447542,28.35965980516785,4.457174470921848
87,9178.094210177547,0.26469398622374773,88.16421099869892,613.2606763466792,28.785842457965046,4.356704201430577
88,8966.382184,0.10846188113222634,104.70340314172881,456.1579566765234,31.63598180362615,5.398042815
89,9540.589307925551,0.3969090191479418,109.66309481800677,683.1704227217052,33.09667843735441,5.199395520199965
90,8586.094327872483,0.13108509548420522,96.41260022522687,551.2406156718434,28.269980927412547,4.603048955117484
91,7775.066765658094,0.379956121,108.26835552775982,630.1016984571561,32.404907554249874,4.129623871536814
92,9140.463010612888,0.27737632714732896,113.93429961702435,833.032406,30.04791187570031,5.326589190428649
93,9249.805611818863,0.2627078782076007,91.11299377383067,609.6141270569739,30.871170219517136,4.418404279220802
94,8790.937554409842,0.22944097885577802,100.69988893584224,785.9206426657706,33.573157299073394,4.810911888162961
95,9273.224514,0.13073443410121555,93.61413874253726,525.4162422997005,29.991829028415072,4.928050626260764
96,8635.729872,0.1117848112019279,108.78563257101519,718.9841992100115,30.79202160363692,5.342042518
97,8702.285507578586,0.1271701731745614,102.32780097643473,840.8027817755774,28.08209448856409,5.036042713191078
98,8483.344342224664,0.11525339175048908,104.0374725265091,490.7572403491747,28.48959232002903,4.986423257592956
99,7558.4639915114185,0.3228545657483637,108.93742478847682,453.3279768908768,29.551549546808705,4.232872092613493
100,7748.150282,0.17254384070835554,96.87911417987365,623.4331170530457,28.167113444926446,4.192400921038832
101,7572.2871270794885,0.070244937,112.4527020522113,487.0501932205469,31.788251956289507,4.866849347646259
102,8963.743945906695,0.38918592054928397,100.9908660173842,749.3537398704925,30.558390140809735,4.495274888093049
103,8223.018756,0.35932506,89.73864468506044,815.8194655394236,31.288871216368133,3.758241112156273
104,8669.712589678817,0.37471329911832457,105.87697354506408,623.6083890835035,29.047883115377978,4.558096158570645
105,9587.402890030015,0.39821773792625237,108.79784051314763,553.4846568621764,29.775592176619696,5.172051040191634
106,8073.372127042412,0.11086333722682057,94.50285031,623.7613276026439,31.982946849116352,4.490096194740919
107,8443.880722981949,0.18868470661593056,110.71537770996258,739.3791271400004,33.79181634,5.127720511
108,9237.767618649012,0.31538346649643195,112.1842976,453.6216646321484,28.302500641613257,5.355186440801019
109,8026.235780630732,0.2936072163188273,93.30713462133427,685.7815957938789,33.34230593,3.8628409078866155
110,7677.053792606224,0.10386356721894928,114.50564418145666,695.3166739549516,31.46128720786725,5.036940588011798
111,8166.428341701667,0.3355415937467162,89.22134584146275,705.0752987583742,31.38351740053374,3.734629939137059
112,7870.808961,0.12855420014283125,91.06047005207469,546.8088319923509,31.001671211246563,4.061288761287714
113,9638.304600387917,0.12833616518791807,90.52674517714078,735.6210893512507,28.41636452,4.881824944311967
114,9358.676873,0.23794104801269478,111.81969130023612,486.55659453271056,28.539261110416962,5.616919962328019
115,8956.828639973974,0.2575289771945961,104.62877656974885,529.7081345867203,31.605472033954516,5.0443406205171755
116,9504.359357431751,0.2530301727432339,89.56312849666818,800.9880186617927,30.04575142861335,4.548321238989158
117,9348.445776867964,0.082020393,98.20970255105047,745.4892602906266,33.50360839946608,5.3534281528525804
118,7929.111135437883,0.3571113019206332,103.45894075209407,455.4982216045381,30.439543224156832,4.119204255086003
119,9552.885696526948,0.14296001490604715,87.50392255,549.3505041479201,28.859688752215845,4.730328307873231
120,8740.487156405998,0.095330222,111.47249105222016,535.7625931972658,32.28831300101221,5.609123867873429
121,9357.112356877344,0.36106182795414205,109.10810606324605,558.3225312,29.76012052864606,5.082797771572187
122,9561.009989824035,0.3844780243804137,100.15620320729914,549.0239081119546,31.15282184413536,4.767422936727907
123,8231.407992435286,0.3517446660429077,114.01379845777511,475.0105182971383,32.18699671303102,4.690081932558577
124,7753.119426413657,0.33333062615370734,97.53282937825298,633.5762066387281,33.40158466721242,3.8248982517380288
125,8024.250873846466,0.2793346932236576,114.52330957109493,743.0933899144661,32.75314716881006,4.830163169614458
126,8482.347913840389,0.24280007971319878,105.03759996410881,692.6926898869746,32.05816640723634,4.776573501991687
127,9381.433961621735,0.080445366,104.04013819761825,719.1486674,32.07779909437086,5.584812940416142
128,9479.680341,0.19295862457474455,89.97864685887355,482.4596714144957,33.67554786419252,4.726125388730715
129,7515.989900221739,0.18044098095430988,111.45783274913933,830.5962840707149,29.774944584979217,4.646768611
130,8674.718795928402,0.14091382431611418,97.82469063761846,785.3967335372099,28.006672565177123,4.733508460983344
131,8460.045307242191,0.30319703979100476,89.86700217347438,772.0361273982651,29.63172735638919,3.862405569943805
132,8010.847964,0.22355650727756982,85.37822559927277,779.193522,29.307348277760465,3.6836315038663074
133,7775.690345,0.078366176,101.79267050915148,823.0842032531045,31.97100751068399,4.559278337281356
134,8276.514894228345,0.12706412068243397,100.82198866368029,667.7015864,31.802269598593174,4.726106188735973
135,9668.692318998794,0.2891405672808586,106.58060867107476,530.1128071470504,31.560768296228343,5.3603284
136,8243.366743647737,0.076645801,111.70774159053406,696.7134431410165,28.097460659256722,5.234150816120769
137,8693.218430009741,0.34792241991706907,87.38219753929089,747.1525974671756,32.37266832670389,3.8247862257774017
138,9116.943605,0.22330128445489106,106.94489471021087,745.1669573416102,29.94118247491295,5.246935481721735
139,8336.348085472377,0.2182053020643268,90.62235832292747,658.5796097,31.990335934039788,4.119357952679511
140,9735.09879,0.2573427246308312,110.74531159471492,477.38348773343125,31.33947057101292,5.684686594400256
141,9713.628778366856,0.3386383380738022,109.57190541584968,598.4451753720512,30.05638555256744,5.496826784514361
142,8079.099280398337,0.17173322276576758,101.22381264956633,818.3066433853429,28.807457602624645,4.432005387719911
143,8643.671563552487,0.28730565339567227,106.30728395869934,683.7795639029704,28.566513385962885,4.866067357761247
144,8192.020113,0.24800618739852687,94.43050339551245,665.3327773022854,32.98910999867334,4.112243746431048
145,8155.1331370681755,0.14345989455929747,99.13503696798443,557.5414057528774,33.51038525248935,4.580585733303033
146,7584.8399789154255,0.3575204952243053,109.64910693131415,597.3795679666316,31.898728280585797,4.191199266280063
147,8901.997968153762,0.32909910756242483,98.77795591519642,808.1384356612677,28.62060469,4.551568467051524
148,8656.161753426382,0.28045814213044895,95.73394795976326,716.5852190107344,30.412163301329443,4.325249525
149,7618.401127874976,0.3477036051829847,99.82637341750899,764.9548107009332,32.37363520063094,3.7941996223984797
150,8140.886867744206,0.35355297033593086,109.84747757311655,631.7381692,32.67892530406041,4.582910111800249
151,9589.011537723303,0.2979270418502622,95.05624142112617,702.0988877824632,28.70931173374653,4.730088699375922
152,8050.992348534037,0.3429546649272852,90.21284779407232,549.3534435,28.000184313072296,3.6963553510282834
153,7833.258205809813,0.2941150115842493,106.36042060992342,732.1843321133945,32.27282227528363,4.399017313627649
154,8625.741348638396,0.28804927011610515,109.77934638124245,621.0405334813349,30.139577055917233,4.893514347417636
155,9766.996044454381,0.26651398237531454,88.01912436,627.0182059258982,29.52688798970956,4.5692522270226785
156,8056.727124476451,0.3134508238451744,92.19622338267834,709.7289298307527,28.07738481873715,3.7986598677826318
157,9045.911759,0.10551178685257581,89.25915969282981,824.5122485875706,31.241796440568997,4.607952156872036
158,9251.725115256051,0.358304766,95.43824235,475.6025386434484,33.10690441255589,4.447220445
159,8046.566351,0.3551452347108312,98.51052936716238,779.8972949,33.74578987763553,3.9209314956148824
160,9174.897601807277,0.060236549062095704,107.4647901088992,566.9532441648772,31.394469703679736,5.716570583
161,8345.901205254282,0.33903586269766695,104.53442754645022,627.5677818025512,31.086767966439364,4.503534351924153
162,8954.303410365234,0.095104454,103.62785702435293,458.7653315100036,28.510338312935446,5.373529238048052
163,8957.118334750057,0.16729159899069967,95.57124839828964,570.4184311337252,31.29323681,4.746462151256397
164,8732.281773371944,0.3102278897020627,110.24342659254279,651.0524970520522,30.27987447379237,4.981863455541802
165,7707.666471125139,0.10626596361690788,99.13861502194493,472.4704309389756,31.64281168530146,4.3508101716193535
166,9421.195739855248,0.33628845844167177,114.37314814045463,646.4382917532661,30.33235808725928,5.554643979390034
167,8237.794149434993,0.3412469622852097,104.0242641488721,820.8442515,29.44179474,4.342017931098411
168,7928.992573919665,0.22761370681629267,88.78794224693509,492.1572872431221,28.56979165137026,3.8029382337370885
169,7593.782825575957,0.052235055100891756,105.28532686226302,755.7762912302018,29.889510667533376,4.7416257856279636
170,8859.053769332957,0.1504633466112195,94.75312046295097,613.8684214,28.579869005726515,4.656652900922794
171,9058.398032,0.2659244214315098,105.58981590058292,712.0694858097352,29.061381704943905,5.130042079167343
172,7538.152006534069,0.3934151623095982,87.08923444487218,554.0946391940918,33.92401695147728,3.1650888252265426
173,8677.814034088346,0.27113473445583397,90.24644311527878,513.7969050165433,30.664621341439712,4.207023424315253
174,8020.940282955257,0.14093125337245593,110.67211776717359,514.1850457084906,31.1912306,4.969752400392542
175,8983.897417941735,0.271901996,91.81538671070544,478.19677825725785,33.241711172423294,4.331466227419221
176,7901.042787,0.23899488290054943,110.1112337572882,524.2586819604973,33.973413402944125,4.564066076
177,9089.156797635671,0.3229458883029003,93.37828265363231,715.6877539955873,31.49628669606809,4.329586075708386
178,8389.491296491236,0.087443224,104.28645730176123,802.6762447374033,32.87484292626503,4.990908185
179,9654.478974094489,0.3163597658757098,105.82451720529494,775.6502742364647,29.96164614602005,5.2270108451640755
180,7816.298171535785,0.2394433025366386,100.3796425943516,724.0537239497937,29.834463744683745,4.193478071253958
181,8284.452607415595,0.38704720135064813,94.15932030090194,494.1727453644411,30.41622232596736,3.913057676776109
182,7760.989098853355,0.16965525811354015,91.37933129113289,565.6749785183799,32.03504357604189,3.940684208
183,9626.795322040694,0.2714176625968819,85.99568063687279,573.9227501289876,32.09315013553059,4.3758799347748205
184,9517.880512776257,0.3762098369285061,94.11839203722171,549.9827785590485,29.891436607896704,4.410138273721681
185,8093.265743744858,0.085878405,104.5948837159385,656.0022638838892,28.799259544819773,4.838764753423354
186,9017.963305878611,0.37802997053275794,113.14914455345448,664.221526,31.79437753879305,5.170708128537983
187,9379.611060462796,0.2907600028052847,111.13613446789157,592.7543900684441,28.769955173132587,5.399373264169166
188,8776.961866678763,0.073742971,107.98194329605909,591.5156634945744,31.47095504937598,5.580627396252794
189,8718.196330218814,0.1553372484313857,108.65342029759896,781.4222391624326,32.16053276833785,5.274126407465566
190,8056.260269071039,0.2978602310258486,104.94954710427986,765.7171393278743,32.20366897836671,4.393148671035208
191,7714.136365953568,0.073572711,92.80860572698009,573.1183326722983,32.52083266395758,4.206929205412286
192,9563.596243292652,0.2537596610616957,112.21585092117489,815.5153775493037,33.237156529393985,5.767421863753669
193,9570.961531,0.17105906993353487,105.12196935717502,831.1260068010024,30.99975395178873,5.566484025769766
194,8956.133351728517,0.26732043121861704,101.8132189294132,580.6970168120163,32.381495137177424,4.793560880282856
195,8279.768519412011,0.066009712,88.32968407640443,591.7699795172219,31.71503641219502,4.254954373487998
196,8303.182022,0.3550378821533317,98.41166631419276,652.2536613687835,29.119839638786097,4.136375085264094
197,9169.698061,0.39072113921208895,98.81074813605778,826.4483250134695,28.15413786921645,4.525103205263065
198,9563.353597890928,0.389107249,110.9369082856801,800.5277732569245,29.70724831,5.251183958580786
199,9540.298776,0.31237814111002365,101.39944660563366,491.0271850334359,30.658202238025716,5.019320967036103
200,9293.713755472534,0.095530184,96.41201646911229,607.0922973085665,31.702635666571936,5.226958842658374
201,8976.672786154862,0.3153921185751579,114.30400985531978,671.3484758999087,33.099755983019236,5.301725052377558
202,7693.521919488612,0.058605420760580534,88.32161779978946,651.252989,29.177474300236995,3.985087341840406
203,7871.7460424176115,0.057743243,97.67645284935834,527.5452271747571,28.753298739390864,4.4174855993027755
204,9566.674633612281,0.16326357670233943,86.26074025514215,793.5267084672619,33.780879684845964,4.456063792998353
205,8894.786837217056,0.22102511664163305,107.19712362300791,720.7763131987349,28.648267356258444,5.1713767072091805
206,7521.153218718248,0.3196425962327276,112.54229656597451,785.1633499407214,30.870946420643136,4.343431791
207,7733.384548591874,0.28915338181227684,93.40111988651468,793.5057117397889,31.51338237275981,3.744186422445316
208,9026.054068948528,0.20606594723186195,110.75025030397363,749.3423414662959,31.248246525444628,5.453826486444462
209,7511.641642846303,0.14576933319858307,93.76654691385693,625.6842405,28.51619294219766,3.9458115648573266
210,7869.858518260247,0.39899357505519895,112.32310484931746,694.2187020061698,28.342161484021716,4.4079084197634755
211,8762.087715543148,0.19916345578259054,107.61885710790352,514.1461624478973,28.632900564766214,5.155029018956794
212,9091.358954693194,0.2079854585153864,109.14720330524315,719.458167,31.513526103235677,5.35919756
213,8999.510896855982,0.10726833741708422,85.54019666801364,521.7013022957123,31.266069325805926,4.445469182752697
214,8015.8194117592875,0.3281833420624753,113.88431071222078,727.5798362040628,29.402444752220465,4.657504915829334
215,9138.012209099332,0.2927887790235211,106.80012976210969,541.8392643015875,31.82664485107355,5.1104619103464195
216,8045.672901,0.12726936447606615,94.14253286,497.02052006008796,32.920405012333894,4.2604925588633975
217,8248.419305766316,0.078833366,109.8818399457654,516.1137961,28.249473759079564,5.212700601001533
218,9216.930231771456,0.2881747557261496,93.44563595,450.7968540876281,30.988779661288255,4.501760655168771
219,8994.155667808594,0.27907892499839737,111.18261518698384,737.4958471,32.13586247261614,5.247095536508891
220,9453.213844,0.14564083444937326,88.37741171235811,742.9604196233516,29.51387156241812,4.708170343446104
221,9012.509652,0.38280224678764363,106.11057932382387,655.9733399653038,29.846625431758895,4.736080825660289
222,8807.109787671585,0.1028702621233151,101.22095429934731,514.5451204221534,31.681827417936304,5.009362473397848
223,7715.451966004613,0.2013171803649107,87.89603410586322,483.4217350042759,33.38761176066242,3.6786901699919876
224,8345.746347036697,0.38026557205865963,92.25681484776517,457.6515865749148,32.85954652181739,3.868879959644696
225,8109.965445667968,0.19690456092414282,85.37212108831945,516.2992707860883,31.49878131,3.7712304027527326
226,8061.176179771892,0.273484082,99.06303896393517,806.3422139932586,32.38133031,4.189402775450763
227,9737.924275930625,0.189158039,94.03795782280001,546.6147366806726,30.188934821246793,5.076035828217535
228,8404.124766733548,0.14597532082203452,102.95072452893277,591.7085308868863,31.845793168592547,4.814657322
229,9551.707076907362,0.3943921767859399,93.91713423125852,492.1381937925333,30.797089546765342,4.350021732139878
230,8951.618839793704,0.19326690221026505,93.99757334520955,538.9445218992681,29.139616818745367,4.601475363001181
231,9328.065998145792,0.36293472128769705,107.2957959619481,657.6898283,32.210429643263545,5.000196196315059
232,8656.065314141943,0.13048411206188018,86.44428508,693.1010732,31.338787824092933,4.177672038
233,8826.878934640627,0.12458664640877917,112.08684985575962,548.1409256664845,30.151729491721547,5.594682843492916
234,8632.790695783387,0.060896929,110.56791623173544,473.0928636900469,33.468035140471784,5.594691241395108
235,7949.058871935502,0.2780833888815598,105.03414049679219,606.4131476509594,28.12560471,4.382190109036254
236,9161.639865101462,0.1789842203033164,102.79664710322153,543.6813483705337,29.894638907496976,5.210939233003078
237,8145.776433613968,0.35252538744387296,111.76907494418957,537.8215692919208,28.34128838666588,4.686766475362919
238,7555.926722792344,0.21562346734204502,90.55990538586143,833.9451210853821,32.59916389732976,3.6900729904300875
239,8984.586280586485,0.3888676997701526,87.36907486572485,696.5201943702896,32.212644724682754,3.8995885479999557
240,7907.354562636213,0.1149339304960924,92.18530509728615,672.7513772688384,29.98811331,4.121984265587376
241,9663.054744011702,0.35401810878446377,108.83734836100571,616.3100414093287,32.053977413242436,5.2626220649372675
242,9694.035727105951,0.32180889847710964,86.040108,621.5777333720578,30.375623357175698,4.250494693608114
243,9604.188098,0.31982264562541823,102.48420505250469,666.3620015352324,32.537522748534606,5.031783062
244,8351.365010587522,0.3456741298409107,114.8631254857393,728.5719228144428,30.725101976420238,4.878256797379904
245,7535.550218016395,0.3163583968300496,110.67088281512619,730.8584384727318,30.473678366989994,4.408902967971069
246,9635.132693951768,0.2691771125709954,100.64337067130768,518.6775630821799,33.60837949292981,5.077705501573299
247,8484.823541129823,0.095935707,86.90922727859927,650.0451008306508,29.5052746,4.212616955993089
248,9723.306084,0.061384162821938176,109.94120543157129,614.7832380136408,28.72268403997939,6.233624017274999
249,9716.325947305282,0.3722967467354904,102.96935524531631,798.2107865077537,31.50725867955675,5.017005300543695
250,9461.921747574928,0.26582761008225836,88.44798991,702.5675684873506,33.81593087370507,4.433841895725175
251,8177.232451760047,0.3287880518416617,87.81571854470069,663.0016265663927,30.26703528236312,3.7352740429353655
252,8385.724775784429,0.21853282302939253,112.28880458309777,496.15785687156693,28.372220581772687,4.972824516479566
253,9457.614344488771,0.091057866,105.07600788814236,692.2551557293646,30.035831603857403,5.598939512409988
254,8228.920612,0.093815027,109.87860397950267,496.8815622720934,31.03558992591735,5.171270048375427
255,7889.833317378013,0.289947851,111.36936700846802,584.8826302263008,28.97153803979328,4.639092249
256,8780.642903654205,0.20060706321481198,102.15317056144967,507.13678592573274,31.948613308338953,4.817706396834287
257,9653.155980569796,0.12018365434511787,100.52339055265124,726.8294588097476,33.98649633,5.356945800165927
258,9100.868532352437,0.22205809135950294,97.91282231,532.5008455344611,30.710436855888663,4.840849167321199
259,8811.140691205539,0.072473128,94.50839763373358,606.7437492752103,30.128371340381275,4.845597738777212
260,7723.505935672768,0.2536899906700396,98.03787882576135,808.2699110475114,30.404225,3.9700150939442294
261,8914.516621408091,0.14414769155228419,108.2163896719047,531.7265533595881,28.690877070371208,5.363445039596863
262,9777.123855239806,0.32914568522301585,103.05770293045394,653.1220255835117,33.299641608557344,5.101705905585999
263,7822.193235044006,0.15862668562325083,111.77569869864539,617.7086644664088,30.488953933128112,4.877044384775996
264,8692.158200436596,0.20932705217863046,98.30140043137563,457.2496164182919,30.323646468549047,4.612470781921741
265,9517.958065434297,0.054067188967835224,103.21268736156262,767.1032454291251,31.958141637582845,5.77553903
266,9203.767821,0.075356411,103.93922659275967,477.61836252583987,30.652200525586743,5.4024250619556415
267,9103.136204289116,0.18737274474233973,102.75091486918977,639.7020083907814,31.889400812847075,5.0960884649128895
268,9115.713393170352,0.21797859215099324,106.0790131925655,674.2713179755799,28.368677740784726,5.1765005929244134
269,8326.829647805436,0.2600071918417563,92.12300405,701.3705826458348,32.88234006233336,4.051224460883813
270,8175.2612418083345,0.15208190254825615,100.37091332637372,725.4526517231502,33.643023717276414,4.5595095987155325
271,9361.530658,0.29324366014428993,88.12674408425043,551.3089534,31.892592316956318,4.336698271845914
272,9363.260807762115,0.35104283901622163,96.53533982934438,453.99151066337976,33.72739557315286,4.473629648119548
273,9494.266332734238,0.32294784611267247,99.63001205863793,739.3774649419647,28.90859388621978,4.852959503111173
274,9600.453270879883,0.063866589,104.56672778636417,664.2626397390314,30.86449713688212,5.8781344909070965
275,8676.087517380158,0.21817743154024016,113.5159315775861,784.4470812828995,31.610840403672682,5.421908566037455
276,8653.487478,0.086725562,103.01953199645068,778.5553451602777,31.49041988452712,5.1160334145662745
277,9336.078911623583,0.13471575555188464,107.3078174852968,787.3304671151533,30.40877067453426,5.662828724394385
278,8994.917041,0.3953319076435013,100.18798178485608,644.037864,30.02850645619757,4.354983546339941
279,9114.523817692718,0.09987344,104.02312094128993,583.4513583347463,28.760944135302513,5.313460726980642
280,9330.323139703032,0.22461085370797462,87.12796648,766.623281,30.350454703373668,4.426829113565607
281,9547.012286180403,0.2663545070113417,92.63174742525541,630.5176452,28.97596489063291,4.669869302802807
282,8277.388860758532,0.2958627396904364,95.85559279615416,523.3768785613738,32.40619405895331,4.185711314071069
283,8363.840791,0.24587703922041998,99.17480065019541,791.9896078245897,29.25298561296754,4.357556591630162
284,7716.158461633999,0.053419797,86.36946236507151,803.0239507089389,28.351391831707204,3.928514847110013
285,8830.044324,0.16426145788539717,89.20072292659952,636.5239024560681,31.314196826903405,4.469993088985313
286,7582.667229732507,0.231199075,93.30442923373917,480.2798909,31.57137839631641,3.824318098255514
287,8570.875441704658,0.080753275,114.14598072703151,605.1304359667724,33.23147836768303,5.670505710509318
288,8748.082659827425,0.17271942592321327,94.94041021309152,771.4150637850414,31.46188967450609,4.5963880259546315
289,8159.044879895054,0.061621088,99.46123174336248,810.7096114184915,30.072885122340676,4.6554915239749715
290,8858.916499308725,0.077502474,90.88293138215178,531.3890969990383,32.81807128915792,4.7300468108248825
291,7570.150574859814,0.18892314667055865,103.32340213227305,476.7894448101086,31.241673359124526,4.263518449205919
292,7585.900834123193,0.096450514,93.42049646547923,800.9401812531355,28.47568170778715,4.092744368483362
293,9391.981289517214,0.24863929689154535,91.20977735,605.7619755915501,31.395103361879478,4.486606276273435
294,8328.438475245905,0.291312739,100.49717885337937,666.7043857070253,33.44811127252997,4.304608919138653
295,7792.239179099335,0.330205345,85.16517397481263,837.2263248203035,30.377875752989322,3.4618588484709827
296,8701.159498,0.12005258548568354,85.22992097947676,476.62589116568915,29.77795481,4.191846291224207
297,9270.985172126804,0.10861890379067443,91.57206427305573,709.3272029808383,28.86081674210812,4.917466938676165
298,7996.388363,0.086598744,86.10164087502463,479.64216902994684,28.908673131612144,3.9661181817206828
299,8932.648094383701,0.27275058734027285,88.24077262392075,600.1875713866002,30.596628906050913,4.056778788528602
300,7696.299169485666,0.29726650427041545,95.16581948016255,771.5258180773787,31.574078944969177,3.8512927592637647
301,7618.867958687798,0.061055151,109.07757038739439,623.3888931022537,28.48369243101761,4.819793730924559
302,8722.115653,0.3776742861852915,102.16145930107902,848.8729415611801,33.63741153415099,4.472682463351099
303,8743.460779703244,0.068189949,100.3800317786925,673.6237139786408,32.53080170467118,5.105683640275243
304,8966.088773445876,0.23945371735537468,93.80466469624365,578.4648610543813,31.519743509701975,4.425442832416258
305,9170.010067562122,0.29817118180782076,112.95261158298449,538.0445303619013,32.97063202563395,5.389009683424866
306,9744.459783,0.35483919331112995,96.91045123711575,590.2082137144647,28.48112054087268,4.8711112516385775
307,8687.490801,0.29993042624634975,87.61278300387315,599.0133095038203,30.861033266398746,3.975084230361498
308,8242.799887764866,0.3306048290744272,103.51199548353404,477.4854710895844,31.78055876116998,4.354876005318211
309,9328.928247968019,0.16880756738998215,88.41515180429805,597.8296797707093,32.97191743670974,4.626742632311314
310,8122.9141779027705,0.3351887898112793,95.35669428405076,635.6954079,32.70081736029561,3.956981657688996
311,8509.634267622963,0.078040196,100.22235816153426,739.0951008955219,29.6624155,4.947906439415002
312,7680.449677087212,0.3631858296211847,111.22667574055527,712.6917938886431,33.645281017355224,4.2333445390393765
313,7558.306709855552,0.2416573316538077,99.80639741020356,733.5062620916617,28.746075048585222,4.045690889651272
314,9714.091353759228,0.3360542194868728,106.06776298094994,453.34547275074283,33.250801711726915,5.298997691301411
315,9422.754277178074,0.20831139958140504,114.7845051699721,537.0669598322145,33.825641497627714,5.839385837203832
316,9100.740674015506,0.27525219331878376,88.94467359693945,714.6737153599427,29.062921139335753,4.326422224286091
317,8440.591772,0.23424093132763962,93.24194576558558,643.5957472718989,32.33239638522271,4.219768466999741
318,7898.5769361629455,0.30605633261436616,96.83728227,452.1253902673384,28.24171311266799,3.912814384249178
319,7859.805198143498,0.078570494,97.65484535616494,771.7978569727289,30.43253695083493,4.492342069470433
320,8075.558665778569,0.071123229,97.33063225796637,759.1238293,31.097699795186045,4.550718103162655
321,8763.221328824076,0.13648613190355127,112.22833007669665,669.3676652,31.483871355457804,5.5764405656873155
322,9143.570622210143,0.10584063803961594,106.4209793340057,476.5853303105088,33.615623489491355,5.545745211439296
323,9018.453966450783,0.35512424830727063,103.23715642272111,756.6060198130339,32.03350412376517,4.690532211743276
324,8143.847962975668,0.12672489557531552,94.28118153588346,683.4854350925456,30.887667707315423,4.368835375554299
325,9696.190145525346,0.39155283953669595,109.71371152663883,762.7839908631836,32.858050217595334,5.272728050208466
326,9197.162908400267,0.1679135271198874,113.65181534454968,750.6987969583362,33.70319692572645,5.697976617007938
327,8775.014320776221,0.11374127049104475,109.6359484765068,771.2008287831349,28.132396892093745,5.420830834446235
328,8906.957716,0.3263944774998677,85.04695315574419,657.2032266,33.895127633536234,3.9239614141560573
329,8465.080143583917,0.28054772142530665,104.0920411055022,506.1298073,28.51679283438208,4.612827421596219
330,8069.7812758526625,0.22436850075859865,86.53406144326303,718.4629893518754,32.886320675612566,3.74064588
331,8318.737160897901,0.24437724282817097,92.72821661001166,698.1895140207882,29.682008515308475,4.051389333847846
332,9243.046054068049,0.30172062239529235,86.78574101043316,746.9012748796349,28.79307794652323,4.105520862686301
333,7533.105023848439,0.12995915946595457,103.11386358848164,517.9524024202941,30.63913383828301,4.286955689785338
334,7766.967073165907,0.3987168706198597,105.5976974047782,527.9900799601157,31.86373947668568,4.0330327013937195
335,7605.806076650031,0.39117760675137414,88.43462914197715,806.1638068877314,30.28571107014085,3.295374027318558
336,7593.676245333631,0.2776139902214279,96.51516649134939,749.9911193808283,28.327392449696195,3.799745582633607
337,9467.559343225317,0.1198398578252008,98.68709526866625,813.2913954801292,31.59676684,5.3002317998042425
338,9118.413076574054,0.288079885,96.07159065,753.4861284655683,33.41441965666405,4.5929387737082195
339,8590.599806900847,0.075269443,88.63075001455579,688.8621223961208,30.29929219568351,4.518272071824027
340,7725.018569497303,0.060728376,97.56843370562426,711.6530948111495,29.29799666578496,4.323129019449144
341,8630.716512768715,0.1401890109789248,107.53534143425254,805.6511695760039,30.655464075596893,5.275313229989286
342,8588.985072795302,0.2119180348587607,87.13022993599766,681.5227018047763,28.290176266292686,4.110620757
343,7898.364300793035,0.3538953768929332,87.40540042,702.9565297,32.92292550688165,3.4435527479454215
344,8497.858793247338,0.3045091744182078,95.64313875507952,512.5906864014403,32.95804486570112,4.218500805004828
345,8416.560889113958,0.30994728241999336,113.25177134856776,639.5684880464411,31.528002780577772,4.898576199
346,8916.455225520098,0.19892266705682637,105.05717940168742,736.5588447832396,30.118617333630336,5.126596704420481
347,8960.715397,0.17107724739143704,105.36009870017695,558.3770793265462,32.79870019,5.303978965044912
348,7604.199222475702,0.17986356704461098,95.85759972513594,530.9016722,31.328122148730202,4.049815276387871
349,8361.609013640884,0.3956773473076203,102.80982373625615,575.5307232897662,32.955593851300094,4.264968898380078
350,8939.477806142744,0.064038217,85.30393552,546.6002511971334,31.788752755498123,4.422069125551037
351,8657.213395,0.35346102364285703,104.08288139228627,535.9650548145584,32.706432839276786,4.472274200839082
352,9469.926634733141,0.2525363930003377,112.3986084272871,619.9403371472348,31.59137795930656,5.650252270674983
353,9014.995352723574,0.20351539671635666,103.37720405034457,813.1354055534136,30.484846409293997,5.139904562287934
354,7874.749182287288,0.3038401811452978,111.21095780399035,652.8238586954873,33.74767515955683,4.459747406719882
355,7662.308119020989,0.220334129,106.71919166398281,525.1681523261292,31.24668294927307,4.3670768971773635
356,8977.564339874527,0.3556981333285812,88.61675249,480.7886677523496,31.63053711124323,4.015642616371382
357,7560.976014,0.3652456524039405,112.07359921857525,728.4624580551701,29.322925836488494,4.199421294036001
358,8847.283836928966,0.1976023244057094,86.99331533067324,603.1195057745551,31.75390473656366,4.167670216320685
359,9662.529555277402,0.14688972903226805,101.01902417643291,778.7323786341437,31.429645896897664,5.4482927121858085
360,8823.590609114523,0.2573226150076768,89.26411371380372,713.8043074563082,29.10903038768215,4.110276575498062
361,8392.79083,0.36932717096584183,85.35119832192713,768.4965802165474,28.35752258411886,3.534985336807021
362,8979.562902417412,0.12373176615198331,97.66102780382917,558.7784157673796,31.626155918288624,5.0039225876573346
363,8553.981648130488,0.268038304,93.85122122962468,726.9435689844232,32.58215361610192,4.170450973118813
364,8754.918615,0.2710460770323822,99.58001481392809,555.6247938774875,31.14040822553205,4.512980504119472
365,9665.369060186007,0.30658955784534836,102.31599660203652,825.6273917801166,29.360635751917876,5.083408539321497
366,8388.036067,0.09604869,86.31217216926842,704.5497126133498,31.999131860158208,4.192782168977915
367,9710.738296795003,0.300538738,88.69009885371237,579.8047200701368,28.480634359657614,4.458769649816645
368,9582.306476498947,0.36816138223297434,101.75927189351276,557.8047449,30.651002228811727,4.858029286
369,7950.319610015382,0.1128890881045847,95.29502059517975,526.3706340286574,28.98020055039052,4.317048392737157
370,7659.530992,0.13314016372335719,106.87520462648344,727.8563835574912,29.10675431,4.530124216488471
371,7731.789403168082,0.3899882829145739,104.56874945775819,537.4862452,29.213763694949222,4.024427917
372,7541.910198998565,0.11334193344832143,110.3681308896972,688.1213063709956,30.320242342263867,4.758761337
373,7717.218809738635,0.34903478267935273,105.77478480007676,555.8540108,28.306901233722385,4.107993479470037
374,9070.915579,0.2222972497568122,97.89793232170445,714.7875779175474,30.38676064557459,4.845445283683976
375,7663.733891458527,0.13653087604111197,105.18899867183298,775.9758914162157,31.070244682688205,4.483297876567239
376,8233.64395,0.354762465,93.26143522766256,761.2100972578612,30.89976570979795,3.928162265040531
377,9443.213215229745,0.20585683925093295,94.18940496334638,754.3405323723127,30.296704602418245,4.850059845862671
378,7553.525452,0.23018607387539158,108.6695547976238,525.0889622769008,33.034879648424514,4.398048918029968
379,9373.277509954552,0.175731679,98.39258549204746,485.35397879380747,28.871960154523023,5.094982085979812
380,8148.265982,0.2575327980022246,108.95141021555057,729.5795313949543,31.034180462688244,4.703929898708195
381,7771.779104,0.10723335540475798,109.67267121004835,597.3388855177406,28.372248501739325,4.928343330833872
382,9102.495480337546,0.18687853782811625,110.72687012983852,622.9384905613389,28.426934073267457,5.484957506180212
383,8946.568547593733,0.38929431281735066,112.49905707523622,462.4596371173564,31.443195098062578,4.942850901596497
384,9518.185631112221,0.14034670144539466,97.92955662,553.8305797100197,31.396110549326927,5.2912745702681825
385,9190.663400748937,0.2798578325894523,94.56600454963416,463.4705615497856,33.26820107706674,4.528244786542922
386,9348.006139885152,0.1638165224786432,102.46596239782342,801.6743090404991,31.34724205396044,5.368478774548678
387,8148.679516914005,0.32071559399031024,96.13517270312883,547.3586732874122,33.75874612,4.106870762138548
388,7908.110950693363,0.095805781,103.03222500400699,672.9348678292032,28.29216909039958,4.657885480836051
389,9226.413928773974,0.38943736577749066,106.16757587931474,465.5917282644522,28.588046108684445,4.881370223144728
390,9355.719900314707,0.20882633948427376,105.6521505547641,716.7389565222632,28.26439516942229,5.315706996699987
391,9778.161826601548,0.1326176621712624,96.23658661060364,579.2109383016375,29.11166110200124,5.3468904181176535
392,8449.020657,0.075723862,90.00580605096259,809.1676747830663,31.247620665650068,4.417257086735057
393,8355.641597323402,0.10941526678063926,97.91588015386623,805.2472755736144,31.873433088564568,4.690853049856391
394,9285.749809706593,0.2319208819946062,89.27782432245726,580.1162473446991,28.273510947692014,4.422674901184967
395,8283.848142581941,0.16795111175095023,111.70291105551425,810.3843582761872,33.67582534,5.049318018437213
396,9640.741849,0.34010917805891333,95.37632382213572,848.4630693995116,33.05299225990228,4.697783013442858
397,9474.349329238927,0.20081063328163212,89.63379241669972,780.1662656495791,29.77967489294256,4.531722504
398,8486.686262962543,0.13704999540567048,85.76343279717253,787.9485391020917,28.46312518135881,4.081887573280919
399,9227.003455920443,0.26600074531141055,104.37467158859452,549.6034944,29.019322439314344,5.133776277945908
400,9235.44861,0.2973720259099061,104.1070695236423,680.6809595431025,28.761666482529836,5.006474861052008
401,7737.184898322645,0.10846466776533245,95.21812499743875,476.90236558694716,28.73970267579368,4.301986651875892
402,9575.871685363003,0.10866672570091118,87.15135666542953,487.9671747286679,31.111370131994406,4.813699545195774
403,8662.080456630072,0.062834999,97.28886684685696,849.5570448133162,29.47508465,4.880677117330939
404,9400.852172047806,0.3077407052729742,94.33652485,580.6556997703644,30.148838299174866,4.585549650529239
405,8236.114082370406,0.2823315846676318,105.31361919205028,749.2735648195385,33.93703200030593,4.540685503803472
406,9559.703425541262,0.21612080651243487,103.17337748358071,772.6660212107265,32.105885493552066,5.263196613223215
407,8395.163861088575,0.345459657,95.93781185,793.2093084028917,33.693884002282005,4.034219565704424
408,7524.926598404686,0.3319845535325186,91.53677663,849.0513189608625,28.855339330198692,3.4873887671837616
409,9582.378545764306,0.2548740275388633,114.64107898466776,546.5985941027471,30.292836848995414,5.733427101344348
410,7709.959356608108,0.35389494817964057,98.62004863588345,466.1403307438799,31.328390819694125,3.837980934780836
411,8234.421366457955,0.1220444235128689,105.64822707340711,614.4766071978344,28.46054837133243,4.920591977898953
412,9685.142524216852,0.089171867,89.21658902735082,502.03226793157876,28.025124661767748,4.892769306760203
413,9686.396437956379,0.14441236403094637,99.56769098978194,458.9703557,32.02260600278151,5.430870615697679
414,8818.907142683558,0.0699804,85.82610159608396,594.1707308565944,31.850917100808612,4.434135547646792
415,8953.225587990539,0.23590933480036125,100.1636535373135,763.4953004300946,30.46473285999767,4.820864791927159
416,8531.424700550135,0.37781199230323653,113.92052221353107,676.4722764900283,30.937864456192194,4.823790505892556
417,8174.3847749055485,0.063770239,96.52620138957401,575.1111956841416,30.49265800355254,4.627968947961685
418,8255.928454350807,0.09273847,86.16988037724735,711.7368021970879,28.144030269069333,4.124351926989973
419,9046.792448977189,0.20826965989920238,85.92867373,542.8072721235243,30.012229637304774,4.2425014657910705
420,9230.461417706663,0.37685625613476675,96.63960279840609,455.7525784,29.06249353238374,4.403288912946329
421,9320.631800569452,0.1606546367418627,89.80074809389582,755.7413546,28.590545134608213,4.672765001583064
422,9316.121728427473,0.22753218304093736,85.70056288984557,699.4972339456036,33.7403226,4.359670631804344
423,7709.774037011988,0.064550501,107.68640841850531,754.9210498,31.596158350252992,4.8068966711585075
424,8637.166700815938,0.10192012033673112,98.75569026645672,465.5752066750662,32.37193770541962,4.987989327
425,7632.385148038282,0.39532054303559644,93.67734315917963,784.8478511322609,29.892182459596704,3.500461200191187
426,8763.916429344592,0.38779154375261593,112.00249549049443,697.8104800145213,30.35888277696409,4.863352134949888
427,8515.520153158766,0.051728993327043366,88.48416880601577,675.3581403,29.42154396338034,4.382069581024936
428,9541.719620344089,0.38313412489813364,113.67756486865957,699.8456192458126,28.581794025792547,5.397180425208236
429,8307.104529,0.2736919782354251,94.41900152132058,795.7732987473456,29.07418982,4.039371285072592
430,7769.254137783493,0.3537714030820078,111.65211016926044,684.7746026235628,32.78508427177891,4.348842857143791
431,7828.880868721522,0.2091589494718507,103.08828629438385,682.3801519552717,32.065274831102656,4.332015756503101
432,9251.474452950186,0.2304586100027376,109.80122079224462,846.2716628263063,31.28157325591286,5.469622011336259
433,8921.901545627401,0.22109630308992206,114.52039489631393,752.6920668274272,30.850539237200607,5.5702227551350445
434,7732.582155082418,0.28340249014113655,93.65216313456237,626.9175221804542,33.53460570193675,3.8232109821903344
435,7693.445654064494,0.098877939,113.83406456222778,732.9588000131711,28.43640968667201,4.902267816831862
436,9112.229002355976,0.060490756455437285,96.68445684707261,605.6921886767154,29.683604879427495,5.244277808655934
437,7667.354914637645,0.15777547955691684,96.56535714210767,541.5501849933996,30.099627121424284,4.141763016593186
438,9390.278136367819,0.29663826695782636,95.21161312763518,688.7407507551038,32.69455487327673,4.609479886754696
439,9124.357122459942,0.12064870824303194,101.24222822042756,821.2728392455806,33.955087720971825,5.249558318227348
440,7687.102195476369,0.28570135166372107,89.62435129535461,821.6558080061851,29.44402308854292,3.611065928154544
441,7695.126742395942,0.38946921613754465,101.61134456074033,586.7621112421962,33.24584400482249,3.8358976643691767
442,9769.271030552703,0.082865251,101.25114437230012,661.0709865,32.98373656259075,5.723486452364138
443,8360.822830239076,0.28541074137879424,107.8570543781461,534.6543594279444,29.34794439,4.685353773312916
444,8352.476938253849,0.20531257675659992,110.00949885812757,848.2524437995534,30.395995481195335,4.983532769421734
445,9369.439004692256,0.3538497890321269,98.21324050937272,842.4471631471743,30.458037215755116,4.607747052717275
446,9678.671727982875,0.11200242630658508,94.06999748054481,709.8035719,33.86932401115935,5.115869299559703
447,9767.802446792602,0.2924190832791576,92.78004691951284,771.7656238709894,29.08535140827339,4.729316234596404
448,9232.769826095566,0.3433403513768386,90.83871510114616,736.0400645,32.79494782662869,4.283938403997261
449,8365.397046721106,0.38061497681590817,86.72942746597074,687.2632876157872,30.00515628503866,3.6333062925686987
450,7692.0516484069385,0.2891368099013761,95.27343937,471.33919879555907,32.385222074656966,3.8659733929340563
451,9287.437906633104,0.22401116740294957,93.10743076,631.9057370210644,30.52006602577398,4.681579437751691
452,8784.329774392352,0.26624653407042487,113.99252157599221,719.9145208669643,31.47015857869924,5.261616531166597
453,8475.710621268045,0.3541167445675514,101.73126478750132,721.0126455534739,32.995670639956785,4.391046430593149
454,9584.615085717893,0.24971341132359043,95.41831117091523,599.2490473689534,32.824993389903305,4.802798743954254
455,7755.754209304148,0.060635471,102.41402802981088,826.6767946632121,33.198539101238204,4.590715490231021
456,8633.037739868976,0.37583204342744225,89.17590104037086,516.9428128947125,28.357703952067954,3.789731854435817
457,7526.1133829650635,0.2913343628610464,98.32131247606608,650.1437784862243,32.15230331823847,3.9117986398707845
458,8577.919477,0.2867796850220363,103.78702964263192,726.3535906203291,28.839924260330577,4.699454226037222
459,7629.497534068226,0.12548630333920102,99.66693495377353,728.8543223567237,30.494911408110465,4.329180723473557
460,7773.281207416565,0.28060991458143003,97.05336401962973,709.4555827075262,31.29153049032813,4.0085488197934085
461,7770.310367587341,0.18785254197895546,114.81545166699095,560.1152853807441,30.416436908480986,4.856445026
462,8993.183694866946,0.27793154196452224,111.4094428644678,512.4826274746488,31.117670054818046,5.277123114627047
463,9215.903222310473,0.087307561,103.7021787447832,704.3761307306843,33.979157852791715,5.5027070028758285
464,8841.748159723467,0.28024585661106266,102.08132083546849,689.7208464557751,28.81130388227713,4.774860484635839
465,9712.996861491447,0.39979480401973333,103.61981439473752,521.7424041156964,32.05273627201855,4.946574341417402
466,8362.202332904519,0.066874214,91.03936323,732.0556582282254,30.37600579831369,4.411031576771545
467,8157.137798,0.3920109644774611,96.85413229792955,632.0687966934626,28.79805879344397,3.9311454884554684
468,9497.777994835758,0.1924177862530047,86.18378598672697,717.1042366412612,28.952420580245857,4.529873271325372
469,8014.270428594741,0.3547637076180407,99.26638112,784.9468319080603,33.69563864,3.9778436315819934
470,9715.411840713406,0.3238349194203957,101.2907375187299,517.8913714307693,33.27760898027057,5.040997962019145
471,7527.955291786578,0.24845569134533374,91.83249208309628,457.6579471987347,33.44225176249013,3.6311909957552966
472,9730.721301,0.3084572232379643,113.92086541496542,761.6410345583147,33.94919665496432,5.603066243040941
473,7599.267797486325,0.3574804464554718,112.28363832811726,693.8789700610464,29.249892340051108,4.306086466365755
474,9549.629161505563,0.19144911257786157,106.66429706367717,729.8558278488487,30.13263602418437,5.615542663140417
475,8713.712551,0.16446160654713354,101.00159886296088,785.26199,32.01531418,4.902892045298736
476,9783.819031,0.2836576849472547,111.09907478943055,771.1243739298002,30.902815239163886,5.591874921222598
477,7669.732098891417,0.33274607967944053,88.91957031470389,834.3680587715298,30.5103372,3.461684221959021
478,8773.864854123038,0.3167997971718155,108.71529382824656,664.3740315408472,30.14686749601356,4.796314953167745
479,9729.395831923928,0.32923477710052207,88.74462441900545,645.3982530639621,31.562683791660714,4.481540929689568
480,8703.125041591342,0.20245416018452655,108.82631987648216,610.75488,31.45356057184049,5.110746094041209
481,8947.616867711104,0.3362419756612576,93.27302704754071,511.47641713768184,28.968747004385442,4.312529694566228
482,9100.221984664619,0.092073169,111.31271743054566,679.0428932,30.830439025110635,5.8732941355769315
483,8545.444448965878,0.24057118428629737,113.32126281476194,560.8050097303915,31.32083066,5.136249785387742
484,8943.383584193347,0.052015531,89.46387908215347,818.5230048851902,31.421721632388344,4.631650511692074
485,8843.922917,0.1636050404650946,98.88026815,683.2763217,29.26064315747411,4.878163938701615
486,9572.663424129274,0.17826153720498927,114.42962134488056,687.1360722032441,32.45362835351372,6.002940350716777
487,7604.526674785353,0.1886604420632394,99.50222308,591.9698643508041,28.151194568926417,4.159694479
488,8146.215336,0.2934135223414518,110.90642567543635,470.7957408,30.128991133258975,4.680922405065196
489,9685.946413376085,0.18599533544462105,102.66194566393959,462.6975061491954,32.68127589,5.377846545108891
490,9547.606702949108,0.20704276791788573,96.25989723758806,619.3340577,31.383357526332414,4.889022351944058
491,8548.010531,0.13314044580601464,93.57350666577611,483.82615123889514,29.56697459506516,4.523002467664904
492,8926.304974943534,0.18063812707026905,91.09669273258262,692.7387822160556,32.169718716058284,4.454268024218223
493,8137.976720856605,0.12954436954210302,107.85394574133092,802.3892023,31.40434566493644,4.9316254439061264
494,7932.678667364651,0.075618573,96.59621520469084,803.1659266074889,32.777461656738325,4.475944813363093
495,8566.506331,0.2612070076834823,100.33826386602253,713.6181641,32.41015111713894,4.609758192299416
496,8312.710124459922,0.2838744794942557,99.76976440003546,534.4927325891724,31.660647532217407,4.326845573595171
497,8842.409057257006,0.2668216211033651,102.31837087699394,795.1987325435489,30.929066051864883,4.7596234377495446
498,7678.789665019465,0.21222291533020032,110.96731436873657,804.4373741252832,28.79909275400514,4.649323313394591
499,9741.108057632184,0.18292502306273045,114.42218030750288,528.6614339811834,29.567998107312302,6.069248516
500,9768.284712303086,0.35216677735013885,97.22752626,744.9704343082709,30.514596837502513,4.8065681843601835
501,9105.771942245414,0.2316786247976763,109.82556766318909,564.6078195708492,31.595795722038332,5.402312314403863
502,8733.021642591477,0.21771365717040586,107.93583383964153,771.0561249411719,31.08224713129183,5.135558225195148
503,8211.913517458554,0.058974723,102.2058685436672,848.8951599614411,29.729107155757177,4.805352759875163
504,9371.728545325983,0.16943673966915473,113.6814143,462.01040213175713,28.038786146738264,5.866885987849636
505,9074.881696873923,0.183068467,91.01423546585208,808.9463463163727,30.977435331404884,4.503496027550327
506,7874.01896,0.1895879733139152,88.27792630928865,699.0522134394632,29.71375593137346,3.819792663027799
507,9595.132524335837,0.25306032922956634,110.61885900866267,839.3530476659284,32.40764980426321,5.667235885362579
508,9391.835658723288,0.23676089135440748,98.17449449901245,636.0038070105711,28.14367759,5.017650515924137
509,9684.539800571425,0.26276678247770563,110.40906562621181,788.9551722285495,31.508966867834744,5.632208739180528
510,9169.154869293228,0.3177091415397449,111.79270615586245,474.9576274393109,33.64884542503639,5.246090852459678
511,8910.854950652316,0.33454500855063274,86.87372780857214,584.1116200313184,29.046455602668996,4.002958908525734
512,8461.958983468423,0.30134307667927307,111.50394288958182,476.8066151,30.829896944503574,4.908389171158379
513,9645.275512,0.3844332935842272,98.44957166108267,840.1372533916283,28.548531950902827,4.775193594852422
514,9491.946946,0.056381403936726575,100.31297467012696,776.7895629087348,31.754091473568117,5.582481056852958
515,7604.002941244235,0.11852229498924115,103.7977753327963,791.0189684983882,31.303190083577356,4.425238506
516,7560.644041343679,0.052647006,112.7914782019026,825.1860925735577,30.444193145276994,4.928781377654544
517,8365.865743819513,0.2766161499541111,85.57348283289292,484.0413944479142,31.128262128842447,3.683125131
518,9364.272660798215,0.36431069213249545,99.30530404953451,604.2390370053333,33.37944795081406,4.697926885621773
519,9770.735097424373,0.13521880380170476,105.63166127291682,478.41395561760083,29.17776581,5.875213910675543
520,7845.958849538115,0.37446209067870734,106.68120873094685,534.3172406200115,28.135387070232085,4.268302916063419
521,8866.500645,0.071093587,105.77597294611324,541.7463108150689,33.16998930819461,5.489306392386675
522,8376.04897,0.377052609,89.03305388224365,637.6428844190315,31.462702494327438,3.7734132562683076
523,9730.803114973587,0.17306794053387206,93.98186765115044,557.4248669814571,33.343950732771056,5.030773878964318
524,9436.873523,0.08549729,95.76146576,490.39124272710444,31.581671340479033,5.155702297
525,9428.156020835617,0.22005511571521397,109.13311623038516,516.9964356376431,32.860966539758216,5.604714247257548
526,8577.994267528431,0.1398717987021778,93.36279617243659,508.91022542083635,30.578040180130888,4.5236272637395505
527,8454.084855,0.149705516,91.32114892,839.2307191649193,32.499159587729615,4.3255316426717965
528,8128.836265440625,0.1575514877242003,113.72344057114289,753.7170027673894,33.478248801339134,5.172757647385779
529,7629.663642297132,0.3310590642414322,85.26589855340407,837.1045861078248,31.432737782333238,3.337959638
530,9488.861465386623,0.23870644683633907,114.93462567045935,625.8961946031634,29.084710903374276,5.904884320604241
531,9369.672320999178,0.1589576947046013,105.30463896572186,561.3473926650627,29.612785690181187,5.5613043326107165
532,9799.350649,0.26361682415882143,109.85407898347351,769.3172788836746,29.191867461384433,5.719988346064909
533,9792.264725269983,0.30065273597811776,93.83858189,580.5015672164587,29.481142165574397,4.8097214010514255
534,8777.492922886044,0.14541840025673683,85.42945833,569.7533494821394,29.83849269610622,4.230426018236114
535,9268.671054915174,0.19474218553387307,107.1360855568459,543.0023968831325,31.33080272051913,5.412868247298307
536,9672.961178729583,0.092660133,110.02433791002028,501.87159128969415,31.527949776782997,6.157135765579049
537,9454.188998558046,0.11340227233713812,107.21428395860558,552.5852244067064,30.558998483451166,5.701662222868066
538,8068.900634009355,0.28839124888774403,89.28550861902517,592.1278993895551,31.69252467892501,3.8143379583429318
539,8536.251511213215,0.11350342169346944,107.60283766770907,719.5976832582921,28.489449553668194,5.169932729855943
540,7797.066654848439,0.23380718428347108,108.06768346322923,475.02593688778063,28.52672942234896,4.5380328304983175
541,9694.317362695061,0.29816619160285146,104.75621547010165,534.2027758661372,29.03097676214595,5.233423119797947
542,8894.201659237024,0.087406923,107.98347798386759,773.6094561166706,31.10846498824207,5.563570947749307
543,8025.878452657964,0.24855927687011625,110.37764319033197,508.7687694335083,29.283968072189882,4.719047704069605
544,9044.911574,0.13979697429547733,103.40812342712375,587.0580586090086,29.699706420955465,5.179128957442955
545,8921.694953,0.38702440633315294,87.65814141909037,795.8635687432561,30.401877017037965,3.8961649775963454
546,8323.774251475534,0.21924097635197365,99.62883429001633,511.97012445737704,32.87119674406228,4.455933999473307
547,7761.182462059147,0.33209739242130537,87.32948004014816,483.09473424727594,28.083172815477162,3.502997262854338
548,9044.618349863438,0.24257928975469162,97.22629093097292,643.8151980320043,31.896272921419733,4.700355614527262
549,8696.707712078725,0.065194386,97.21319467376883,570.9678045114146,32.01325918624411,4.943561970471091
550,9276.332301,0.27160298145790784,86.98029532420725,675.3633457935416,32.79193468213982,4.2015785966807035
551,8696.376052557585,0.38299117,95.46461601908437,771.5219562,33.59651763436188,4.093224494280462
552,9460.017450732643,0.26056413705121595,88.32994296373944,504.85939526109723,28.120827093695738,4.402818947293258
553,8769.385729181316,0.3367161007993766,109.24705630027667,682.2796338,28.922702233079296,4.920035827569594
554,8790.157334531388,0.3594722621719427,113.43064077893412,652.2035041559456,33.31702776433596,5.098573520151622
555,9516.303286114193,0.12982792018212638,87.16949425773817,507.63151440527986,30.751111373122093,4.646149391489631
556,8428.010592288512,0.12421569396787933,113.65345621875105,699.5993942,31.38754383360078,5.479824040617932
557,7808.235025436474,0.26384334609784715,100.67729798010235,559.4561671443087,31.978163222338885,4.048180016822168
558,7566.200156,0.19385996443234665,93.98697033861622,645.1337274,32.07439962697382,3.8348179092922683
559,9236.815688049324,0.34395145600335214,87.30586226,482.90892971082474,33.59044241989905,4.041725250445755
560,8926.711968112968,0.36500809318930394,100.01872804211254,633.8336228854492,33.981696504470015,4.409493095277185
561,9119.383466628215,0.17369748275595137,108.83546633472247,572.5853872171281,32.320944765585644,5.410423071739399
562,7989.817571470495,0.13290469564106872,106.21259431800095,778.9524844741418,29.723327255230906,4.807844654640327
563,7813.654393849571,0.32318393033535164,86.50678034391922,472.79149079894734,33.27851441376606,3.455083329246317
564,7533.452731036128,0.14618211244184764,87.18705506,617.44291,28.29532548724457,3.700646387919539
565,8306.351385255173,0.3379150114797875,97.08619847897911,633.3725696525752,29.386485117246977,4.137351245321953
566,8856.810679765656,0.19830838877706702,93.85871482,740.0024305196475,33.384314304782286,4.555914855415026
567,8402.161303729385,0.2836424647520147,91.97152969168144,679.7150300360844,29.53714908663613,4.077639822890367
568,8506.192320654576,0.08343736,93.43013496726141,716.8849348776724,29.32390635773049,4.58589304
569,9579.564997335621,0.2683507636368006,109.10448229890653,760.8197142607024,28.828751758841484,5.454413834887029
570,8300.987574,0.2081186875580302,112.87684160895562,794.8811894632755,33.15467055,5.148312834
571,8682.175825067565,0.25531296211141596,97.15308084,575.5501986889882,31.00034955514652,4.450082576930287
572,9302.401929,0.1088049727107022,112.1833300639749,665.2090821455612,32.04935921832493,5.908092306447974
573,8412.048399,0.30790581073046375,94.64487103743646,786.0432314,29.434398304450177,4.106165635883497
574,8930.799410524109,0.351978977,99.29310959031375,845.7804523860226,32.54824253,4.432227646931447
575,9483.436530117513,0.12585893003177148,91.78086993,805.8077244175053,32.56003326977259,4.905738915876363
576,9683.897434412576,0.083500094,104.21428126527532,598.5869050497507,29.87558815,5.844880671955448
577,7838.2690061367875,0.058273505,114.36943345524426,528.0666068874601,30.4640958,5.255120014724475
578,9631.151537871438,0.2746900251551431,103.10479288130136,645.7570149626355,29.258141664581206,5.176731113070772
579,8631.867474082937,0.2624829126310733,95.73442252340647,746.6565807344168,33.85936613993743,4.348166440636712
580,8093.962093087604,0.24134409444992455,104.43452337971586,647.0276283,31.87361546235047,4.574636170765703
581,8556.012239348001,0.1311814836405914,88.68762035396162,643.2723453254674,33.60726328,4.308930441186192
582,9754.074923156597,0.18681709856693013,111.65977240796195,785.2921684327202,29.82031326,6.089212152777518
583,8633.021616,0.25806671731516057,100.09251852339509,594.5615116268746,32.691345477981336,4.641523338304148
584,8256.128703661268,0.22386840060070928,98.48049226118926,793.9178699246582,32.59515186330845,4.444165968829659
585,8956.821965,0.3957249320752106,102.57594365360558,612.7219203806894,32.14993391119925,4.461483433122621
586,8052.334923189844,0.097753913,103.74351588368208,581.2932422713358,33.79383385,4.829972390681864
587,7674.485654649927,0.29330059391665786,87.15327418679539,631.5959644798796,30.361332016637892,3.4808087098753995
588,7796.423360394493,0.19151156883650228,105.47851663670207,754.9787834699473,28.784303941538543,4.481357508379365
589,7794.505429602877,0.19986986522396516,92.25795040946589,500.4008111455977,32.030253155464365,3.934967255426826
590,7849.376195078277,0.3011592179803617,106.41857897519769,528.5676863,32.375858802863235,4.379954120027066
591,7819.302497093643,0.2923526529635294,109.6760438315259,830.5779302652368,31.450363440752888,4.493641909518272
592,8974.011913047394,0.39693959779576593,109.11875522657562,520.196651,29.240907358800378,4.781994202409299
593,7918.324194118033,0.094938001,101.57502902223668,677.0909271724219,31.026735650016132,4.656777663758336
594,8295.034751644886,0.086438377,100.60509676932253,681.7257866647751,29.873138419414776,4.780493321428664
595,9562.613342783827,0.30351858599505943,89.28627884018235,645.8497848,30.564799169000135,4.433997541344936
596,8590.111772604607,0.2524354209522432,108.26038451209406,707.8980994307274,31.871311455067982,4.930801238410896
597,9035.382798598363,0.14595623329593205,93.14228141340143,541.9306903190474,32.471288456145004,4.706863815231452
598,7896.335703763749,0.077796779,99.90086268,671.0649071106993,29.39334814540806,4.605717513651376
599,7942.264743259942,0.079980387,93.52822279,598.8693020987589,30.43195216388172,4.244534692
600,7593.997817412901,0.3629668061324414,89.01485089,714.6669038516757,29.614969425949774,3.4906652279302888
601,7888.550645065979,0.11715356365156003,103.88673090675209,506.4894173492598,29.191789683171216,4.566815314377419
602,8140.757779773505,0.1631800467404323,86.62996104468712,678.3509667357905,32.70032331997503,3.8908016830974104
603,7907.124113836518,0.1293297407794458,107.459357,524.1081421533295,33.455516166621955,4.819972365491048
604,7704.015827641228,0.17424870704117806,94.52760386,561.4572252460146,30.22139311410746,4.0560514597544755
605,7777.462503531382,0.074298345,85.00404079013455,537.4839201294333,32.50767355,3.829047179019898
606,8559.791166475268,0.23167092681789464,100.3338741771169,523.1351119475269,33.381971736186465,4.612940095753473
607,7974.567552333323,0.073664397,86.40555726,780.2843806242668,33.07674526318139,4.0177620067398445
608,8337.820680410574,0.33012477773782656,93.28508673462699,564.2830270643561,29.096880331235354,3.961935695515275
609,8657.859722966172,0.13179922866865157,106.20929462367148,820.8495127457797,33.737751289080165,5.259702677033384
610,9087.908106,0.2390041701115787,86.88068864865598,837.9706101380764,30.260058642576773,4.269835388407319
611,7590.417921634527,0.3580276806465104,110.18015477068008,678.5041879748389,30.03544396704302,4.253078688543838
612,9338.643917490797,0.277807079,85.11459768,507.20044906629056,28.37458796366668,4.124617609415032
613,8944.170895829087,0.2365352252929674,92.40471607605707,599.8192973518326,30.91704192,4.427102321
614,7688.045773482406,0.16351681359038148,107.22712168456215,769.0929053392856,28.654081693845573,4.567224576211513
615,9509.230835445587,0.1665506695703693,94.48810449,596.9562914788282,29.491238925564556,4.936727379585912
616,9618.006521223171,0.28432043431936654,88.05677164,484.8068873211155,29.90165573060369,4.449432704271329
617,7640.479307666186,0.39794877642740867,95.80701756401284,672.7139643712752,32.852957940950105,3.5786685675825596
618,8136.818590738569,0.28164371644728253,93.11179859153577,788.0483405984139,33.25293190237538,4.002439506108439
619,9354.262943524041,0.24522419607950874,110.28135706481665,768.3705549,29.814797904768817,5.453066897082892
620,9220.997287882414,0.3057276785837362,94.40043752755429,520.0492560521413,33.15218872746745,4.590209970306127
621,7924.398344519668,0.2128219642993014,108.66797415328021,719.1058457649867,33.143385624218745,4.627132301580558
622,7981.503443674434,0.07104982,111.75616434432204,538.2017053742588,32.58790570230924,5.191745406611841
623,8352.085836420178,0.24680388555726845,98.01452258729589,537.2830138208689,28.88017068409109,4.405839187142279
624,8614.402866,0.3851688495768831,112.29829431563176,799.6287093220741,32.14193708140437,4.769729078038952
625,8921.985975,0.11135602982518089,96.31954161889578,549.8675810960921,33.67014438748341,4.940416269636397
626,8348.501371010476,0.29150171178723305,113.92235249470325,555.2989386072045,32.095242872602945,4.896473685
627,8563.829847,0.12032679103066977,87.67868573576719,450.26135630451984,29.989701094647003,4.333855072692153
628,9219.183157707641,0.23753968956557847,105.61057799509729,798.2676136502071,31.003475904584988,5.218113955715014
629,7584.371366648375,0.083836757,99.81442121370786,767.0379252836539,31.874350260106322,4.3409966017032104
630,8080.604971991248,0.2076298276903648,96.62946416366941,700.9315740362712,31.06342245237102,4.2322574344808315
631,9140.704047534471,0.31465716511333613,103.98135636245803,750.1063055755369,28.719717650385817,4.935733977546593
632,9558.975727,0.17165003348364374,106.11571274902994,510.8194269697967,29.872384267912125,5.586813212489894
633,8676.858116866031,0.2827191035705263,85.13089808950927,633.3294378350301,32.81437618,3.830687909359886
634,8723.861016110226,0.3284074862764052,90.00859266241596,590.4877549395123,33.16850827657311,4.0040009700079855
635,7746.495626081485,0.37451223681780843,106.39138151902957,487.51061050280657,28.823800196293423,4.052737134397076
636,8529.048443693946,0.13212472864940875,104.9915624073462,644.4521940859696,33.71432051439235,5.144445956644692
637,8725.019712846553,0.18976057053325784,113.98142515386031,818.2958601370542,29.972935707091658,5.429090793278545
638,8057.6821583598785,0.1033456046656461,107.83113370752349,466.0236476202778,31.973882432384322,5.012351612956054
639,8119.259431183576,0.3973692257554313,113.52318123194014,566.5843653975176,32.510950875740086,4.551903460856391
640,8367.753575140632,0.37445033877350337,106.07621504604421,533.0163744822814,32.87167741,4.379093493826094
641,7546.163755,0.23898499559819586,93.94156625918329,545.2586614662786,33.674498213355584,3.7956694727771834
642,8240.782081,0.34471165303174744,88.16094766752569,813.3738207517501,29.877517288172935,3.7221078349118097
643,7986.3304160920525,0.2323352920452148,108.45471590034806,637.2276216937161,33.15103872730933,4.644174376067367
644,8253.243910009203,0.26825499080096593,104.32447664427748,636.5197651759275,28.790121420617243,4.602124260417495
645,7775.452903184278,0.081193551,86.44558037179888,754.2302569821129,32.23024543812156,3.936645764295906
646,9548.212745701758,0.3143446471738828,95.80151397702934,511.7968816019703,32.45186637708392,4.757983122833542
647,8865.262643174312,0.094699719,113.70399446452859,644.9061416400203,32.06633944720792,5.767373019079772
648,9061.935334032327,0.33912367058838494,100.01203437130604,621.9940856484238,29.513888416810918,4.553982023
649,9315.093848796878,0.3237098306846351,97.98187408059114,688.7642762186624,33.238258882091216,4.647858788031538
650,8646.417057536832,0.2980606442100418,98.73098815477881,849.8230813001754,29.01315078022237,4.444825749444527
651,7699.916662601075,0.062656133,91.26648172015491,757.7795576328188,28.321808749124983,4.124870805888454
652,8735.345046,0.15609492458086505,96.06121512594386,609.1462812069709,32.30478994367147,4.572532867925663
653,8849.734571448022,0.142089399,96.09439768,781.0212209096187,30.85285429,4.775801388053985
654,9214.510791,0.1760477426150317,86.57065060562417,518.2833453249921,33.09458811975205,4.414968814378695
655,8492.816956328263,0.080674961,108.02702885553755,462.18547452358405,30.300382846349553,5.291003500800434
656,7793.4346964297965,0.377935238,97.49513295711637,531.7793489857092,29.009671531046276,3.84815398
657,8152.684583337066,0.2438307842493317,109.6653966044927,586.1646224457038,33.01865315481922,4.796890221456657
658,8335.089282,0.15693350873030826,110.51044003359686,654.232303,31.29345778984043,5.2019008777503455
659,8985.609655062683,0.1889435309759992,91.35982164095974,696.0516562,29.13517475434213,4.495951947991232
660,8812.790100738497,0.20652088917669248,104.72060446510386,814.2422868857686,32.32230399151867,5.069553923838376
661,8319.022469565047,0.26020801667621607,99.16845412488945,653.9416038201831,31.066681830937004,4.452058372160236
662,9768.985072223853,0.23048779969377425,111.40470213764455,650.5102578502917,31.625877893441917,5.9181754839851015
663,8893.282085,0.3717871906250461,91.47222037529363,470.09720392919286,30.76539002923949,4.009722283870247
664,8045.621620992787,0.2239372190170406,105.33439600930133,463.9646210624895,32.97225390290804,4.559787691523474
665,7734.099687026928,0.39725530518815944,103.23256366758167,670.4639847665488,32.97737629,3.9168403461940438
666,7851.576020123964,0.3479987352107835,93.85904432715498,625.2714452993378,32.256332930946314,3.753683613783383
667,8065.702775284369,0.12297868002506754,89.09802710953518,785.6721579921194,28.632408264378775,4.107528524845804
668,7869.567158496978,0.3757083251253707,104.5491928143183,514.2718339,33.033123171424414,4.0599818718889455
669,7929.104155318003,0.090728239,107.15792374396992,459.98866484681986,32.02607788319746,4.8932503830170715
670,8155.7188879958485,0.3361073979719171,94.46882031,629.6155071720503,32.182145,3.8225847240439053
671,7898.759269177936,0.18321815271680303,104.34497812066941,544.9914227009031,30.17789704242323,4.6095517915278155
672,9562.560476640778,0.35729101215577436,96.85392723,469.8457493,33.27567733694204,4.637946039666914
673,7684.537615021777,0.35381984153760765,106.39620649847853,739.8393147390516,32.35222960140914,4.127357327587056
674,8706.376196011586,0.33207389004116744,90.97645825,494.6372,28.675542799175165,4.026794843229194
675,8443.912702,0.3265106527074715,111.70645007908523,693.3278000031087,30.446668206436975,4.885198532918862
676,9759.470818889795,0.1566376986843143,93.62228789,562.4199000667556,33.31828217176085,4.953923275784349
677,7757.6894749865205,0.078321749,96.03357963268459,519.3984201420088,28.283180210184273,4.3116177014362025
678,8415.067877805206,0.1910430625678065,86.74275856,601.9006092,33.76849971785229,3.997868143359229
679,9729.781996533347,0.11073358024527805,88.34536637,770.5783104891815,32.07497540991738,4.877806964876953
680,9490.666389556154,0.2932328811158616,100.47585708136984,606.8374307618291,31.788255865860258,5.052829388451868
681,9379.265763183344,0.17113490428822495,93.02778030183914,750.3078596844223,29.62335553892795,4.787661212104521
682,8093.176502203361,0.39146357030097023,110.06440677226583,500.19451871966027,29.492750732435063,4.441712311564358
683,7893.0414509971515,0.27434022707086625,85.44080165964861,759.1085678660316,33.65234931693157,3.564607786239145
684,9037.879405826192,0.3378681972720263,96.37282146,544.7733299626594,29.789634725404735,4.494541536008381
685,9637.564774993447,0.096383635,95.12036640307278,720.957252,32.653031780313995,5.228447062
686,8780.554653932038,0.3517050687954179,85.57982892752803,676.3126219363985,30.358730789242475,3.7584131048978935
687,8814.709186,0.372965017,88.73105197,821.6578869,28.835524424708225,3.960016283777214
688,8143.951915418654,0.22047167158662756,97.40928024755905,604.9290071901256,28.064291786172152,4.308816640798433
689,9269.833746341455,0.2621885282128421,99.78593753,476.4660755337762,31.265544022091504,4.817932262094545
690,7930.200621682304,0.3176834303160484,97.12869241764608,457.66219422050114,33.85467291,3.933856549
691,8244.462244,0.1111935195411444,100.92813035236281,780.7434243891012,30.214817162855226,4.762093500669958
692,8478.503808817759,0.2258981267622049,102.85395024717045,659.8942550645729,30.14315400395827,4.742290277094556
693,8667.503870974248,0.18953205972030962,85.29771463383507,760.0976207339797,30.064549707096653,4.023611907921373
694,8057.542384554685,0.10123089725678719,98.92285478360512,543.7702400046059,31.12326302382915,4.418878478739987
695,7764.124696900168,0.17863704780203604,113.90497722662765,588.0334982052934,30.643989300545762,4.905845295759397
696,8904.426097615755,0.073860308,100.57096840388647,462.0415488845276,33.27948776036209,5.133556018
697,8163.850272452588,0.059034167,105.32626802376859,834.5969298296449,31.033124750340942,4.921284073330714
698,8836.847909272008,0.097308201,94.35591573750649,717.1471626803254,31.046547029131414,4.642168571
699,7855.034245130665,0.38709028905621085,108.21974134458287,823.2820351037225,28.83022956832334,4.252672551056375
700,8606.622234,0.24233533756325598,108.18764445628345,556.1985629716289,33.896437245462316,4.983968470421348
701,8724.955694868648,0.388037756,100.63888142962416,694.5854444902643,29.499837345212978,4.337180455186538
702,7619.194134691582,0.2013742574155462,114.2804146983764,721.3999873170551,28.440184404757616,4.820377071586486
703,8274.189839846018,0.15913564657984086,88.76650644,577.0198801030353,31.978877493851254,4.123114423239314
704,7809.153757,0.22714965199408543,85.50842994668743,789.2436940062521,31.572198220941235,3.6777730117145726
705,7645.762432087366,0.20382909102151858,108.10474635271288,828.8645851600991,30.490873923956475,4.434743889441348
706,9776.908534496873,0.086982639,109.21466612094648,803.9420470784017,30.533153403284068,6.154191381954187
707,8241.413843441864,0.2742892101415722,88.60621687361729,745.6267904,32.71038352627859,3.7598052007626763
708,9362.711225,0.12561336387835986,92.96748498875819,560.9858718899816,29.174275840597893,4.915886321254175
709,8085.673505956657,0.2668557842142404,85.52657090099886,562.6464168422527,32.921519913669336,3.638546916903058
710,9067.456261115038,0.2775703823393537,93.79925832341694,835.3441281784152,31.89248268337011,4.497040474860149
711,9248.524077746279,0.10320869859502685,108.19425621756014,454.1137983742768,30.513818642677148,5.727260250230511
712,8869.969103398042,0.071472369,100.53881583137736,736.4199892968578,30.74817169950321,5.2097366327378385
713,8584.625233665363,0.32326655512395397,95.44286779504864,732.4984650221049,29.539883243116574,4.236082329981491
714,8447.234102538718,0.2109301483192621,96.15217885,699.0758163799189,32.51268599618185,4.518497689727627
715,8302.397013048889,0.070357328,85.04060877146405,846.0435384347463,31.077248453831608,4.0863576364528775
716,9637.917031769999,0.3982032110094185,93.99401582695708,574.7517743054901,29.92512725649906,4.414403824755902
717,9410.424637911778,0.070223196,104.39376224913792,585.9887455172993,31.576300694565703,5.720378316536908
718,9719.561894532979,0.29326233010049363,114.22583331449071,481.5757611786222,33.97440671230794,5.742150934577003
719,7785.883614016753,0.3942876238421948,110.41182480951699,627.1192546,30.611573677939322,4.316852631944478
720,9180.995192968381,0.13371303647557398,85.70784893936587,554.4194104939393,33.52414840467172,4.423054475427662
721,9658.183050688387,0.099787279,111.95681814024518,587.3546808710577,30.070101039547396,6.168188032771524
722,7916.836052181018,0.092484729,108.49595239895878,783.8287161022511,28.328396241549914,4.9156162042667795
723,7652.941414943588,0.15614630164865845,108.41128370712941,824.1938054109983,29.225452638210573,4.664129375531657
724,9204.577493367136,0.085366034,98.73987277010714,524.2932288020743,30.512170859966105,5.2357842
725,8821.288160313798,0.2922564695929462,96.94015878863509,599.0035726213864,29.317809571567413,4.423956883989778
726,9436.206186544026,0.071802129,94.08747186499578,821.4522248461576,28.00136222930953,5.238120707995826
727,7821.476466240466,0.22829774485242643,86.97084576863098,474.72338427568906,33.490009226485164,3.6193311910465438
728,9329.114817277747,0.3988438988485419,91.84706090481097,486.9442112445514,33.06327646738558,4.220163685388887
729,7963.742836109813,0.3348895943271066,92.39810904934073,515.1163956824918,32.45375338892168,3.7822807729366104
730,7876.408668591121,0.26532680338085385,99.52231209130605,688.0851336507499,29.00688757387617,4.060146988024441
731,7877.811335241284,0.1571887672753141,107.42333219790082,510.18890840239897,28.722181457259918,4.742416244908057
732,9373.521857,0.26836354270207347,99.21429485,837.2305525802934,28.4056285,4.853317085938598
733,9029.953607601261,0.23446451236907812,86.73533348341482,628.6858109034081,32.34417513263753,4.244617174972574
734,8703.050476968974,0.19912918436163002,113.73369402964612,650.6071841400666,33.57284776412731,5.358666977283268
735,8325.310113484056,0.095748632,113.28172957282337,548.6634463221626,30.583214925478224,5.449458751864292
736,9517.561243870148,0.36031147533416336,108.55568629445224,638.3841009738934,28.714844031976288,5.249278915932058
737,8402.623747,0.2074246270874629,114.73983704692662,714.7654530548045,31.07435692439264,5.287816298031011
738,9378.178710784627,0.11811787913726778,101.33446998400788,750.4708547816172,30.09299144475178,5.411483960722626
739,8510.010289711503,0.17871577280705137,113.88305050759618,751.5472330839652,30.248949546099986,5.3356660495453525
740,8366.972187677287,0.1949454133851245,87.26815121850252,681.1564450776353,31.727983744934242,3.967873193974734
741,8564.163507040095,0.33963826344840603,95.97042244784114,811.7439099975429,32.31230867957321,4.251282753584445
742,8193.169110577526,0.30676503319649073,91.76143804020298,776.9631389224437,28.663621593238965,3.8532229831708054
743,9219.501574405378,0.31925671277446893,90.87499252,752.8192458794501,28.21354138483886,4.252882594879467
744,8656.256897212703,0.053860942550026526,89.22408846678029,472.24220867218423,33.96598181611429,4.555030076546095
745,8034.089199,0.19565389936291655,103.6724092469799,452.7511848878597,29.39637009349331,4.517674031466472
746,9569.021518531506,0.2184704530723633,108.43965567241915,534.9789108781891,28.322983149450753,5.566379655783668
747,8382.949809158386,0.056717297,102.34895198261083,715.4094375653809,29.13925197457552,4.944347386252133
748,8750.171580562173,0.140934623,89.40888129,614.4789955530183,28.233747078090786,4.372212918077566
749,9584.885855218457,0.31610143809274727,109.33371309800413,610.9625037197247,30.35086536770303,5.389172264
750,8935.747390602182,0.097988397,104.07864121491185,803.8347552918456,32.814410706707946,5.346222992
751,7768.865493629237,0.2373585460084071,96.64497118380987,808.2251392527355,30.047466698546323,4.0713182934284164
752,9661.613884310993,0.12532065520603314,105.22390886608189,813.6701056214342,30.665100441270198,5.782147837287879
753,8943.728522,0.054242271125362646,92.79714937728498,575.5512306060109,32.05352064140463,4.8486214842064985
754,8270.282913711299,0.13442051015983952,95.35576625482632,726.4223250957048,31.053364420419282,4.435587408
755,7820.325767125791,0.39155581421851887,112.52457529395971,558.6532725097478,33.168674116127946,4.375066647511859
756,9326.257935,0.33053798915904636,93.71513517014262,526.2439332297799,33.19621405027454,4.5276838158037025
757,8926.167338635581,0.3858518255123617,99.09964804,523.8529829389477,28.05946417294692,4.3922405353777645
758,8726.960512,0.22074891537422686,111.70423412188043,586.8430483454376,32.66827783889919,5.244548871725391
759,9555.952941017204,0.08840767,106.23164050802582,621.9830479119287,30.764401601450043,5.798908320842211
760,9313.773585816421,0.24178582114079256,86.86609678494108,782.3796684220274,33.93304324782198,4.253880517
761,7848.852223385327,0.20903206709598632,89.41909133,497.95643738908484,30.89939245525261,3.848229369410216
762,8216.960756,0.3455249789588656,85.23524772,743.9703389579577,33.92137567232979,3.577755279
763,8071.525021573271,0.084328903,103.9276537068749,662.5819656757221,32.52741616723442,4.870998948426146
764,9211.076472917157,0.22088439795762238,98.43020276231255,565.1781371,29.491629307679837,4.892741829
765,7577.124599892292,0.1025170326428945,89.02824552706826,647.1278338131299,31.230369875721745,3.931094878575249
766,8810.746275204028,0.16363657441152102,113.73802363170311,569.9768279108091,33.95281384,5.545741260729189
767,9253.654977203589,0.3080749770857299,100.8897917183686,688.4327820953224,33.14518364651154,4.872789208217365
768,9516.560964552024,0.2166063452790683,92.25679882338667,623.5375691420977,28.584201362747326,4.752399591731362
769,8286.788022046587,0.1815608998010193,100.01810713464123,515.7622116315515,32.23823198085998,4.536251712013599
770,9388.891801,0.18806669749951238,105.38860998205323,496.6332298222787,30.07347751522488,5.464080669878558
771,7754.4529949969765,0.21080636894209537,87.28717653920694,668.6782728288521,28.04189357128209,3.6964119224349696
772,9446.840270989393,0.3247557903429699,93.24111445143676,810.9652133144414,30.42088581,4.530501159099161
773,7793.223923363559,0.36222964112908207,109.20896472651981,587.5830746230743,29.408526530349828,4.278220433805956
774,8413.760768288845,0.3843671402763749,98.78994611207983,743.2000428890492,32.91321562312283,4.122668289496806
775,9333.779341292973,0.3254161851893533,101.39731426096884,713.4645419759067,30.023983653074595,4.966392362106611
776,7844.810083,0.16039241351180447,97.98448006628408,822.6219657237924,32.96514216,4.338350953994659
777,8027.278209035076,0.29084714713028975,86.31699827929015,778.3924069196564,28.00358763300877,3.6493665462407887
778,9161.180907304053,0.2031610934193872,89.97249339460468,676.6421035621852,29.846914900156715,4.498983403062862
779,9156.084034055972,0.1391347177161179,98.36624916225672,712.8121993,29.446991285846572,5.115914309162105
780,8974.639555636184,0.3443050527990729,91.27556396223784,809.3545866,29.401404166411666,4.179376041840294
781,9096.081422,0.063449222,86.49937085979036,609.8075138347739,28.409119718592777,4.587352258558291
782,8748.266219699472,0.36561669724739826,110.30948992155471,580.7178823431109,29.12274562246301,4.822291616449988
783,8079.137835485992,0.21151711261865697,114.43577587492348,454.32443345407853,31.33329741931372,5.015205913828804
784,8295.100785059014,0.2730205168828982,108.79428621990218,780.6204296765857,29.748166437026466,4.590983186793302
785,7917.674748643279,0.280773873,110.61354765114001,770.3922802,30.50436869397489,4.601406267794012
786,9589.436291067344,0.36329120924728775,92.25931390951136,491.7818072400606,30.26120128208313,4.416060465473411
787,8841.801127962077,0.27283438875852256,113.8188093,680.7429524530801,33.25542954999937,5.376472782
788,8421.958258556371,0.2648767546660216,90.90777113360285,635.5926792667549,33.43179399406309,4.047148546527159
789,8562.613348381505,0.073328214,113.54289431085496,497.4836382036446,30.95774182993516,5.581408348738203
790,9678.751681107175,0.23144280768082143,114.84457881897853,842.2272908242894,29.980935701893628,5.9722149214171125
791,7852.708227166984,0.10255915028596459,106.35168417238145,535.8783549853422,28.640804224014182,4.727325624058388
792,8848.328613638634,0.308101819,114.43431195375466,476.8936720362245,33.72041727629257,5.256667816
793,8663.543961434272,0.22927767228443607,102.08619338701311,687.9389518007638,28.361361669401784,4.773611673483118
794,8906.344741,0.2880797227229237,92.78625349528271,745.5466708532131,29.785901665409682,4.363434231944304
795,7541.653422787933,0.064585515,98.10987656996863,462.97737841887476,29.788397207020026,4.270893744260876
796,9505.884990571549,0.079677206,102.80682806136357,713.4870554908089,29.92240771684129,5.655081147213317
797,9643.872049712309,0.3007131858219388,87.19244686081045,662.9167503805818,28.985721059634457,4.294259562485076
798,8799.806322255181,0.075229518,103.67029793851738,491.30600355001934,32.69896858554218,5.323444257
799,9102.296894916852,0.074939855,114.43533510286883,519.0095507785448,28.734987171795936,6.064930142953661
800,9621.748577,0.054237966,90.70322949351183,677.1897189264322,31.80943995491898,5.133328422865389
801,9126.648858920817,0.38477548940481804,108.7778534886515,568.5430454053153,28.743076160234907,4.925354411741665
802,7850.839798702801,0.30812792581065246,112.23696381338858,825.3262914605264,28.42321382555774,4.574592810765545
803,8825.463228,0.17363799297572247,113.31104778460663,777.4960917936203,33.45657702211526,5.611518746183411
804,8895.444606680569,0.15378745345067935,113.80406813216342,843.4268826054652,29.140772597912235,5.639422897
805,8475.500543995488,0.17239613041104734,100.64378916164415,553.8683355801656,32.927500927358224,4.7279226491722035
806,9193.821741936863,0.3211287359134137,114.3192372397451,837.8894531191909,31.267785226642815,5.340584195578981
807,9649.044133968735,0.28147971387464504,107.71930621403317,622.4935479166231,28.467139117652618,5.402986812676929
808,9628.807579685585,0.11481844875361379,89.85014308710886,589.0075181255019,33.73268915,4.927584189853519
809,8536.930554229504,0.11093826736692952,99.30700319,470.1398107877413,29.481767001951354,4.8879211582499105
810,7760.447505433737,0.084438477,106.54993526116012,471.10610314384104,33.15787207211564,4.759922816
811,9765.134758,0.2811059518954684,92.42020947,726.8045023786619,29.012860034707384,4.7181972321877845
812,9429.465598825649,0.3175304317776076,104.21845550646663,633.1715977736112,33.12365729285112,5.033480595920598
813,7786.724166767513,0.14276624991375142,104.99801437139857,540.6086504144423,28.079372877431766,4.563649902929278
814,9617.936330019957,0.057330736360819486,89.88099231425697,695.5881225300931,31.070682739416885,5.067752698863178
815,9500.761632742895,0.078760084,101.95255937358269,551.1432473000444,32.61665547652934,5.530918224552044
816,8693.327531389965,0.3887510121957607,108.14880732935823,681.0527017,33.6087731,4.718253345288606
817,8859.933502213338,0.1534056721170971,99.96686993607825,593.6834987930761,33.45521281723892,4.914075089728907
818,8417.706219,0.31922810174334676,85.36309350328322,779.4208906447276,32.91774921728587,3.7281243178405363
819,7625.951769290672,0.26863224909899236,85.27115407237876,778.2784643067117,33.329148097967824,3.3664942000254667
820,8270.953655785572,0.18367887387851356,95.71088031910037,640.9401592489605,29.19531811502246,4.390572963294571
821,9346.562931775426,0.1219905417684443,112.78582205295346,590.3276437340062,29.705105774270372,6.011342619758534
822,7510.653652910587,0.092485246,91.86030338810826,595.0239186236379,29.73381114952635,3.986512878014968
823,8267.048094889631,0.26525453881360334,104.03091066615062,772.2858102672872,30.262323586010194,4.494508344481752
824,8415.787995,0.3211218232232258,91.66227612079962,581.2717931190448,30.359924022311134,3.972104080825813
825,8736.009886757223,0.2753664887393958,94.65009968978646,533.6237494827384,31.267331947928053,4.287267559008074
826,9615.667918,0.2356057466372054,110.44126268804452,483.87533675012276,28.95927858019865,5.683606264341128
827,8296.595787041711,0.064682928,106.8658432680984,636.6772483537634,32.147479982715936,5.216363632785755
828,8297.992364361324,0.38897107215803434,87.86197831939631,642.8528395679367,29.00539923582704,3.6486095425110396
829,9196.252871,0.3295499670791011,97.86106062959301,786.3634841611629,29.861850892627285,4.599723073
830,8540.101264046556,0.1524877128453377,85.87509290935793,538.4954785784256,31.020070783636925,4.049605904237395
831,8016.591092761959,0.3929896152755977,99.42670439809027,602.3965094673599,32.778643369140866,3.9689173350443845
832,8540.610887105195,0.26065855637271274,104.87302035103204,773.3622955574764,32.43681539943236,4.744687287267895
833,7823.9711468735395,0.2538479303725363,88.55507870794455,779.4494442995895,31.873206138463132,3.566224818580336
834,7905.6900689643135,0.31182561280033627,93.66654816727497,603.8444303915073,28.93463956348102,3.8586762450154652
835,8646.245877300804,0.33411942583154813,96.93509876506471,633.6496093146724,31.282272073693466,4.271445440876935
836,8463.528534,0.27976751256602594,112.58593073968149,571.3143563397132,28.524679010799314,5.057593197412594
837,9604.145572,0.094833511,114.79765046268892,823.0219513677248,30.264179060779906,6.278132359660581
838,8333.505967968256,0.16839362709807446,86.34733896986847,497.4575062966321,30.481099181739754,3.831456734
839,8835.353206,0.37482927411411743,107.83023770486176,823.4997692005879,28.238868636674525,4.7660755617104575
840,8954.207862,0.1286154641453482,96.15172199207029,723.5465807341373,29.64392859681983,4.881373865066896
841,7530.117250153167,0.1802584583431297,96.77374559,662.6288610746925,33.73389680359894,3.9331070197422267
842,9026.135955638434,0.20122690903046864,107.62794920041068,463.06362431379836,33.72179564697814,5.252053078084159
843,7909.482723800428,0.2037917463930583,112.55279296436225,640.2384767288033,30.113962325515235,4.989326589385548
844,9710.461730179748,0.26452885387308395,113.52785783507645,613.0992420010929,28.258600653689946,5.811796483376999
845,7841.924274,0.38007654321064765,102.31367758114962,514.4875247900491,29.07456963596909,4.0272019526246625
846,8453.635484572154,0.13424244914137673,95.71363477901508,712.5638414002628,30.353306760601242,4.528963843735948
847,7696.304236580881,0.092525482,108.62647257576337,838.4603629473143,33.68667818781538,4.702765033073216
848,9792.810779,0.11911467145097807,92.53004149786901,674.8755244,28.847194381223108,5.136842357029782
849,8655.048523761858,0.36042371507324433,101.92222086500553,735.9013105775783,32.581095062009275,4.421119380387794
850,8869.385539836101,0.27603378442932214,95.75735385,477.3801810264067,28.65209523624815,4.442876968557987
851,7654.275897993383,0.15006737623370606,104.69893221123628,617.0667983267979,33.88754546434766,4.477924474181576
852,9224.909082,0.3355814286390161,92.21196738680521,496.54339406579834,30.28969899465481,4.346349886145713
853,7982.7828641198475,0.35147949872720263,90.74778837204477,695.1183342146041,32.65140723339434,3.651542894827524
854,9565.524865713642,0.34628001854159735,112.54717260026311,825.3928632856619,30.05554649686679,5.3896881278518345
855,7971.821173108617,0.37162428677384407,88.05411049,714.7110929886554,31.766013262952853,3.5316908420698034
856,7938.581757526433,0.13828435706067657,100.17873723204795,480.72121932576863,29.15209650844022,4.377263156427324
857,7584.064236050618,0.31426467506119743,91.62558348889027,591.8664819940332,28.876126115781776,3.4772200082487954
858,8585.753973752999,0.21118882404594902,86.16789889977002,670.2653517763406,33.62838483740879,4.054006738329597
859,8799.134606504018,0.34469949351152157,86.08056454874279,611.2831024533009,33.50588367,3.865022205179343
860,7651.129871,0.30497173700656466,90.25665316317482,783.4576041900689,33.324813641277295,3.5718945927665064
861,9283.713518398525,0.32175660627490366,111.00311063518001,775.8684018839956,31.75260070099956,5.218096241975734
862,8542.564319920464,0.2796566431883751,93.47436232,694.7324080412886,32.849609267297666,4.152735108513572
863,8706.097619453434,0.11210006931439742,113.51377511725887,599.3831780530821,28.41422162146825,5.617317259848177
864,8513.754317957924,0.24075942161392844,102.4486687896758,552.1345495052976,30.008734251344073,4.586553268
865,8421.75504,0.39463440883357787,98.09842569306298,492.34972728525173,29.882218748542936,4.039728922
866,8787.172762,0.37808582327399165,102.40266504008363,591.9590733946216,31.81387193171568,4.513021054628378
867,7857.052565640639,0.065110808,100.50095155678804,615.2690068830877,30.135746640823843,4.670394537751498
868,7918.434700139123,0.10768518550530301,107.76328761271975,720.3291700416294,28.891040689862084,4.8508258091645535
869,9482.106928,0.096105071,93.47488197918557,713.2639297190294,31.578802452481263,5.125866903972725
870,9676.065562907355,0.30409296849485346,95.59151174800907,478.0432558565028,32.88630352401449,4.694564487
871,8358.611427443431,0.3362248654499308,111.82282907599752,608.1037261724631,30.29274096675984,4.792561602100035
872,8122.712748230174,0.12472897820873519,113.39369539451216,522.7115468869448,28.79361229059089,5.176003827074815
873,8981.198949449736,0.22704844253314016,111.77674682459423,512.7250821267223,29.18012918387694,5.423287492844949
874,8440.088593525621,0.34424605980392003,97.58343981871941,780.9208598948983,29.424899831016305,4.163770825946441
875,7558.388618018793,0.3064805406681877,108.41096509020645,466.7660867,29.799385557967216,4.304432410282533
876,7859.150973942238,0.2397830219221469,99.29007199903296,617.6731503608485,31.856770423037855,4.133091854782816
877,9146.736126349015,0.25662169166057053,99.92619556438306,517.2814623066073,31.605672907226314,4.882081571389765
878,9015.525066393348,0.22792619142069803,91.14040327171853,801.7320862713896,32.176479169402235,4.410434574926344
879,7562.320782758012,0.1541419579615872,102.73390909775549,672.8162053100141,30.17501190718908,4.330189766002805
880,8010.535972445784,0.24775769750065568,90.58407693260044,542.5522545507392,32.94398591127987,3.859164219726335
881,8031.472032152564,0.2911098557175318,94.94694097201581,650.9709148665506,29.22452596693456,3.933726066
882,9045.353310277074,0.3556630205512827,110.65090604859805,742.5945438812464,30.814244485108922,5.043422400015204
883,7545.334236835038,0.27270197389273687,91.21227427632566,833.2472035677736,32.80563232924858,3.6194917680283956
884,7739.449739,0.3163925379651053,87.13474855520299,538.1784016981676,29.080951886395717,3.4822205600233196
885,9339.806996358335,0.10602507223410056,87.07022777838449,804.4727089,28.659178682444697,4.6507416289823444
886,7910.652722724967,0.2115451160469265,113.22353561509324,823.7216456669961,33.30210380612794,4.9023495086874505
887,9001.316048059312,0.053266067,100.20761313885504,816.5682178128266,30.057577976555176,5.328453572091928
888,8047.820396407471,0.13633760258256805,97.28236215451055,704.1657427,32.103220749454195,4.356736148328068
889,7728.715203346494,0.3042616002895517,109.32635743023755,701.9282618,28.15209162558363,4.419018670380765
890,8059.296039298744,0.39713348297227724,110.07477783731548,611.2842532735291,32.140281330456695,4.312205257005293
891,9161.213943268016,0.084712335,94.96573099346814,750.9591529215152,29.896607869281823,5.050411477902405
892,9468.101876644458,0.19052301055145088,105.80854172421385,662.5176073403727,28.334445121524652,5.52648207
893,9409.505688504081,0.33002483904470586,108.1336844755566,720.9752284913178,31.65887657,5.102694326
894,8413.522118122446,0.1214124721201146,104.63952060597863,621.3831615395181,29.44482289643904,4.998367616847246
895,9036.595814112487,0.24427973225580019,89.54785224400298,742.5985856172556,30.32084345231128,4.298104435205294
896,7971.463879456388,0.30657495361038617,111.27649250551171,779.7886070418197,28.48348487371908,4.550034377941661
897,8174.239779600331,0.2655949075910627,101.17283658208027,508.57450264112646,28.882979506569672,4.436553993414034
898,9561.572382598575,0.11580865711539566,93.47417279110012,783.1718862296912,29.787863412975064,5.050412543117157
899,7529.9044240746925,0.1743845990400088,97.75684556313081,666.1186127161229,28.538557003360943,4.029695357246726
900,7696.669620965276,0.32432712456988905,86.12713271196722,787.8663636360898,33.46495758811789,3.4006537751993853
901,7978.138386835863,0.24397927994620583,88.83600403667252,622.5206825364058,28.03628225910387,3.8198729198504777
902,7561.0240689097855,0.051830365,107.96640251547582,601.6161942,30.90316131318587,4.776697219421598
903,7917.301500706534,0.31634676600983286,85.00034904266099,816.0242930068889,28.73948474879531,3.521347892664408
904,8840.995590230292,0.062358974,97.49697485446876,550.4677070193605,29.84607453686769,5.053241451371495
905,8469.276466362746,0.31100682395593127,100.67530543256765,787.6849301144573,33.556357358909594,4.290988012789702
906,9553.144935477041,0.1208681960578331,86.63903260002917,643.6082290037616,28.97016731964392,4.6694711106921325
907,9380.120191998414,0.3853257180417831,114.19234488916999,655.6381770205039,33.79499392,5.284345547368867
908,8286.179908905115,0.1787792629557296,91.78375993749016,573.3873125957936,29.23476626193653,4.220074395234623
909,8096.673896891973,0.16442606571832769,94.12596158908843,679.2168802476062,32.44939665080098,4.1030646582012285
910,8373.292538784714,0.10211081761635565,94.11827536765082,580.0844785104846,31.28006358938387,4.638656611889701
911,8857.678367784058,0.15696147542157524,91.91249986,465.70776569666094,33.30687236558055,4.566313874
912,8116.5463738926155,0.3568277666398702,85.04421466258934,558.7994421377424,31.323959533018787,3.4840099727931144
913,8935.542488053008,0.3987170181695366,106.88034382263989,452.55161736263625,31.207355314937853,4.761153230295958
914,8441.646800039853,0.17890833567739695,114.00536499397856,841.3419148227426,29.172748002210398,5.426654487572262
915,8769.708515959555,0.20701372083408992,91.72880449855136,836.2988839278989,28.997376172309952,4.420518145453303
916,8503.091017,0.302724828,104.89141575410267,608.0621189889221,33.49893490669309,4.669846418
917,8177.271247,0.3601685231627761,107.25688980876146,741.3483417358584,29.967029193100203,4.416036752395717
918,9681.442606,0.2575655169653745,110.45276137271574,588.3224394,30.232493529777376,5.665326895535453
919,9256.293327,0.18703399436224027,97.67887591040827,718.4372628343904,32.55894195057033,4.9444907337085695
920,7822.260304262841,0.1944176442970183,94.08792716921288,772.1720172183916,30.032940894536843,3.9882395677271205
921,9497.476344565199,0.29346635127388243,94.75885402069093,828.7024978768964,33.712374679834014,4.652369699397118
922,8621.091755973881,0.051126392,106.37863999295539,610.0849103398688,32.42756661,5.3084746583427265
923,9557.470122,0.26685626811094426,109.50338399516909,763.3191931824191,31.584575455440522,5.521588354243633
924,9339.667088678825,0.17442255365447512,90.44841903269808,556.3713802528475,33.28537096326851,4.58648421
925,8477.991060279237,0.3279690659469795,96.12823024473296,846.1329215174594,28.297635450096898,4.177718334968312
926,7551.679409,0.082546724,112.0582059024745,460.30783950574045,29.54237615313525,4.886945382713338
927,8117.957926585376,0.2558707934319367,109.20080559084218,691.4115226004484,30.79021800532546,4.713841103633505
928,8745.758693719994,0.21834051146014333,114.54575208287427,713.8023926605308,29.361871236829128,5.394056134
929,8956.999905600138,0.27481393406682963,107.62744779046243,725.2182228296515,32.46343112381291,5.222657421703318
930,8093.141676496365,0.072698758,96.79585603083767,498.1550315156356,33.51524818632235,4.614533715237965
931,7820.518970367495,0.25299432559984597,102.71913501983913,825.4119133892522,30.54262071958554,4.208941042297593
932,9420.339544638387,0.24651960578583332,104.83042762741961,522.4733116200331,30.05279560067137,5.279564401356688
933,9764.125016,0.24623103304565985,87.35367448951372,699.1013612959364,33.76930439,4.520143266571313
934,8709.087419296178,0.2612206833087592,101.33490877311596,539.0704316,30.669114596965244,4.622035516781756
935,7894.862357451098,0.2867637780292268,106.27962485417828,572.8865668085084,30.934290402695698,4.317719681854722
936,8126.306850994549,0.33174614988826945,90.01963912003181,668.5834166912498,30.109899234051433,3.7555344893435665
937,7542.298556059173,0.14443725204487504,108.41895152276672,616.8773674258306,33.45729083807283,4.553401517625112
938,9602.887255089148,0.3387672935630217,102.51318341542336,514.0902403906025,31.413732899691105,5.054503122992149
939,7770.827490647324,0.22438948879220877,113.56665357092784,518.3745609683393,32.57304752308987,4.810062133470103
940,8825.987893682783,0.076970398,86.27266894620675,617.2579152651199,32.87084031010532,4.479102074016795
941,8130.327007580574,0.070492825,92.95978413,752.9131913102003,30.05109425150355,4.348290681876721
942,8774.609405786325,0.16698341154362129,103.04661637899471,809.1858587391155,30.60216598792228,5.041270646
943,8998.266893209287,0.32471394198901365,93.89679736617792,483.65106490375314,33.09083064643759,4.360318781343927
944,9408.406148526563,0.29768832715932053,106.43272492213727,607.2415630237604,30.17953211005486,5.179611466241146
945,7974.768925049388,0.3260152376353423,107.77015847565792,490.09822548915065,32.763610800711106,4.361547762471123
946,7525.290405914505,0.23104416975456332,88.07547892199423,456.6369922530391,33.64595393544662,3.6437739875927915
947,7814.836949158257,0.20406964928442173,100.41563392620303,714.6874730575826,31.739262238408042,4.287387781341941
948,9570.042876250642,0.10160838434719939,100.26671666773167,690.9797767866351,32.44976372471133,5.525891715544305
949,9509.947178393784,0.16486746376325906,96.07842310646623,515.2076455259545,32.830583872246805,5.034373862947858
950,8874.050134991709,0.20190677816085634,112.98774587709016,543.5251332372256,33.070237893379854,5.408391498390381
951,8881.188778997403,0.08101015,109.82518959619664,459.4831014578074,30.370320027140774,5.610455007556735
952,9029.584351456388,0.12721418344892393,105.9162814572891,783.9788822777615,28.307580755055987,5.403583145047552
953,7903.353940833934,0.2593788529223086,106.42979907204993,839.8762384194206,30.411257627420436,4.404624960293836
954,9603.147475627407,0.30748208998371646,98.85148431439357,504.1838147178763,32.04253737870454,4.9071217680853625
955,8463.172207251768,0.3994216289875324,112.62983563289728,542.5900855061193,30.70210231468476,4.606835285869356
956,8381.218614973845,0.3765896659702452,105.83786281759856,797.3638095787736,32.493778905162394,4.364353523852021
957,8693.510722150526,0.27489781983731704,106.8694318496745,820.5855192,30.141894576811982,4.918390305707781
958,7608.021723582627,0.19743681865292523,110.85072711362037,617.8509531227241,31.808464846624176,4.640742918
959,7882.451748138983,0.2726620776478815,93.22214768026573,470.24898890762967,29.118518829123847,3.848355944688662
960,9197.477317780653,0.3249780663280812,109.21212711600108,465.75673347712774,32.49621661986974,5.094599898008861
961,7690.436936227791,0.091417667,90.85721808869476,679.5799464276042,31.274175812878156,3.968553717714241
962,8887.249851772693,0.19346671139370092,95.36025856734663,607.1580435572716,29.224386331279604,4.623584040030802
963,8064.302952267039,0.34393079997246606,95.06831362809528,461.46097103106183,29.751467040986842,3.9202537480015556
964,8395.379912296547,0.18434153317656543,114.35576405167421,683.3009569250228,32.49165225,5.328929631498499
965,8163.995595,0.2501552949295153,110.6961167124378,454.5210146,30.895607413969124,4.787117379536483
966,8318.047247869383,0.2557192763017694,106.0350958477078,764.9487832597092,29.296188642358434,4.625381708431234
967,9153.805581923765,0.11456668859677378,106.8117028484617,572.5731290813486,33.803627142221785,5.577351171838813
968,8183.379945933302,0.17678240457830097,101.86218383207714,466.10320120369283,32.29075011890133,4.562408273256249
969,8802.730672682863,0.16707895105967627,113.41272001325558,685.3408883932614,33.742808995238775,5.513772087929549
970,8594.915925057929,0.059168847986222683,99.88776258647084,609.0737657732219,30.56263027216206,5.080270600721499
971,9026.44368,0.058467117,96.41553129609683,839.5201653428599,30.85060204415032,5.1257070124476884
972,9654.708400446943,0.34109396528652075,89.89106010794774,667.6794650014808,33.387731297110115,4.415860644265456
973,9184.915823583575,0.14557478349048436,108.58616956783175,560.0956724148033,31.15029604147231,5.528520787
974,7994.362871,0.2313275681835854,107.03331796226774,733.7755458535898,32.24367347,4.610115021720704
975,7571.721210640955,0.1545539507560706,96.53065115572404,558.5968010170845,29.51303726497318,4.133549207982351
976,8103.207301889598,0.3792377357903692,85.75580241877688,811.6973165630261,30.680358812215843,3.4390663921500257
977,8868.679240610585,0.14075386560302083,110.16991983154033,599.8887882029505,28.74069919486213,5.558607727176724
978,7618.279371013776,0.2003798844586273,85.3425395,669.9474251104821,29.23588021526177,3.613862062
979,8641.642368562843,0.35545558766961066,106.11099338887152,470.22924152969154,28.005660491605788,4.704979356324889
980,8872.738552508845,0.344676748,114.1077132917817,620.4484951808923,28.23559030989196,5.147738016
981,8268.760949,0.11513549624619707,98.12983984444611,782.9454159,33.863702939061575,4.645602379560662
982,9273.098069,0.3309251584284987,92.04920214987858,772.2595221453367,29.454122170820575,4.429523932791305
983,7745.175982207675,0.21036541035826245,106.14613030130145,539.7274235414105,31.979864257024012,4.488139040081159
984,7672.816898,0.21903910522987435,109.51384426046755,540.4316284042251,33.03459819279767,4.519670251542149
985,9174.834139268289,0.09671799,101.39290948233543,776.9221248852947,31.303962755419384,5.316224036091931
986,8639.630027274256,0.07821053,114.01105825768438,822.1593680677302,28.918867000503738,5.714004196122619
987,9083.325511783793,0.30477875744081784,86.55006164973884,488.1443685092014,32.36869862,4.005511122614462
988,8500.102878788617,0.22376140332435496,100.14386794913584,630.0234558,31.601508460597497,4.585958682101892
989,8066.724676449946,0.20289774591531284,106.5536184196765,584.9817115856915,32.38750353608425,4.741183718
990,9383.935331,0.3053278800283389,110.87921413447538,798.2753821829758,32.61847973714252,5.275578382837198
991,9338.656521628653,0.3179295146468884,90.37766836,483.4099658720075,33.85246220610847,4.416257187008763
992,9097.801882965181,0.10561785868427376,109.00010445291045,534.450377,31.44137968016026,5.723296542084485
993,8125.933815628914,0.26357880231717445,101.58121227155635,750.9873350345977,30.04984667614361,4.342228531
994,8857.530533798901,0.097373929,96.89661045969889,470.51753959248623,31.89078734140142,4.951111624120878
995,8330.239962962061,0.31298128,88.95145086,647.0141522857157,28.410644255455757,3.8199083676107897
996,7710.638768651259,0.27993430469349884,110.95887276726737,626.8428139,33.38438390992952,4.548227770270304
997,9609.821223563158,0.3848151173792103,89.71819624539145,583.7604715954994,28.71628606802918,4.3263877276699905
998,7814.682851113611,0.074135306,94.29363577627298,607.8289261275695,29.967057027314908,4.2037488187942165
999,9685.545913787846,0.069969152,93.70136595887311,661.9762347720932,32.89447228375673,5.303205263413161
1000,8525.813277803298,0.14876547614262006,111.14242102572562,514.5469433553533,31.58387426998427,5.294584557305023
